id,time_step,right_elbow_x,right_elbow_y,right_elbow_z,right_hand_x,right_hand_y,right_hand_z
1,0.1,2.1526764148,-0.0116502654,-0.5703090547,2.1194098357,-0.1604352844,-0.845896701
1,0.2,2.1526764148,-0.0116502654,-0.5703090547,2.1194098357,-0.1604352844,-0.845896701
1,0.3,2.1526764148,-0.0116502654,-0.5703090547,2.1194098357,-0.1604352844,-0.845896701
1,0.4,2.1526764148,-0.0116502654,-0.5703090547,2.1194098357,-0.1604352844,-0.845896701
1,0.5,2.1526764148,-0.0116502654,-0.5703090547,2.1194098357,-0.1604352844,-0.845896701
1,0.6,2.1526764148,-0.0116502654,-0.5703090547,2.1194098357,-0.1604352844,-0.845896701
1,0.7,2.1526764148,-0.0116502654,-0.5703090547,2.1194098357,-0.1604352844,-0.845896701
1,0.8,2.1511642297,-0.0111958642,-0.5638605628,2.1244218163,-0.1596750579,-0.8403281159
1,0.9,2.1555186884,-0.0170107477,-0.5788074172,2.1201161116,-0.1636012975,-0.8553010616
1,1,2.1534154334,-0.0176748942,-0.5749850828,2.1254935738,-0.1655812124,-0.8516208445
1,1.1,2.1507538638,-0.0102557298,-0.5535556907,2.1271774262,-0.1517703389,-0.833871461
1,1.2,2.1511014675,-0.0022190883,-0.559821378,2.1248408425,-0.167109703,-0.8257413255
1,1.3,2.1326126848,-0.0008509464,-0.5620427456,2.1047245896,-0.1613772024,-0.8314330851
1,1.4,2.1079208331,0.0059937658,-0.5435324621,2.0477749893,-0.1725087897,-0.7470369408
1,1.5,2.0262406264,-0.0589612843,-0.5836511196,1.9551138958,-0.3242691551,-0.6887008461
1,1.6,1.967202389,-0.1112260962,-0.5774583368,1.8724953394,-0.391984455,-0.6638306696
1,1.7,1.9277594949,-0.1606022787,-0.56663379,1.8071131452,-0.428310928,-0.664748154
1,1.8,1.9248702075,-0.1851549321,-0.5593718165,1.7696172156,-0.4226254884,-0.6808392638
1,1.9,1.9175763014,-0.2034253141,-0.5669532717,1.7527312545,-0.4234129344,-0.7080002736
1,2,1.9055051119,-0.2215935561,-0.5912706712,1.7371941377,-0.4281489534,-0.7479988127
1,2.1,1.8921837898,-0.2290464096,-0.6077116013,1.7250482843,-0.442372112,-0.7565947154
1,2.2,1.8854877514,-0.2304262407,-0.6073064863,1.7193356831,-0.4484559038,-0.7503575728
1,2.3,1.8860108382,-0.2268696592,-0.5995378115,1.7189633444,-0.4528170502,-0.7280752838
1,2.4,1.8860108382,-0.2268696592,-0.5995378115,1.7189633444,-0.4528170502,-0.7280752838
1,2.5,1.8860108382,-0.2268696592,-0.5995378115,1.7189633444,-0.4528170502,-0.7280752838
1,2.6,1.8860108382,-0.2268696592,-0.5995378115,1.7189633444,-0.4528170502,-0.7280752838
1,2.7,1.8860108382,-0.2268696592,-0.5995378115,1.7189633444,-0.4528170502,-0.7280752838
1,2.8,1.8860108382,-0.2268696592,-0.5995378115,1.7189633444,-0.4528170502,-0.7280752838
1,2.9,1.8860108382,-0.2268696592,-0.5995378115,1.7189633444,-0.4528170502,-0.7280752838
1,3,1.8860108382,-0.2268696592,-0.5995378115,1.7189633444,-0.4528170502,-0.7280752838
2,0.1,2.253625636,0.1138063661,-0.5106430437,2.1852575905,0.1071858071,-0.8173125923
2,0.2,2.253625636,0.1138063661,-0.5106430437,2.1852575905,0.1071858071,-0.8173125923
2,0.3,2.253625636,0.1138063661,-0.5106430437,2.1852575905,0.1071858071,-0.8173125923
2,0.4,2.253625636,0.1138063661,-0.5106430437,2.1852575905,0.1071858071,-0.8173125923
2,0.5,2.253625636,0.1138063661,-0.5106430437,2.1852575905,0.1071858071,-0.8173125923
2,0.6,2.253625636,0.1138063661,-0.5106430437,2.1852575905,0.1071858071,-0.8173125923
2,0.7,2.2538725003,0.1101244822,-0.5039315577,2.1922107228,0.1104327045,-0.8120675617
2,0.8,2.2610368626,0.1020100142,-0.4969068343,2.1984551402,0.1088371235,-0.8047978703
2,0.9,2.2687060472,0.0917137472,-0.5085142538,2.2113835423,0.114631864,-0.8166154227
2,1,2.2735156378,0.0827585266,-0.5119410598,2.2048230802,0.0898274957,-0.8183247492
2,1.1,2.2839619524,0.078560132,-0.5091928682,2.2039027592,0.0709851843,-0.812896218
2,1.2,2.2850249882,0.0624547206,-0.5123670359,2.1994333078,0.0607408785,-0.8147038798
2,1.3,2.2812523018,0.0583300195,-0.5114071222,2.1786795016,0.0404576564,-0.8077439647
2,1.4,2.2617284222,0.0510407175,-0.5061387094,2.1381003752,-0.0011109818,-0.7896133224
2,1.5,2.2153312589,0.0281317717,-0.5144601027,2.0623819769,-0.0745425419,-0.7672988964
2,1.6,2.1479460549,0.002652238,-0.526372758,1.9753177311,-0.1597038038,-0.7295530321
2,1.7,2.0729774735,-0.0443451802,-0.5274636081,1.8955149523,-0.2431360885,-0.6921425217
2,1.8,1.98670819,-0.108306385,-0.5239725076,1.8156915955,-0.3255241839,-0.6727985395
2,1.9,1.9096683875,-0.1774514968,-0.5287204545,1.7481042836,-0.3963342161,-0.68574397
2,2,1.860986349,-0.2389403993,-0.5323500975,1.6973109011,-0.4402046724,-0.7093446745
2,2.1,1.8284919777,-0.2815706151,-0.5380964381,1.6678834897,-0.4769117812,-0.7245945054
2,2.2,1.8042541347,-0.3130468699,-0.549955541,1.6462186945,-0.4996006426,-0.747336064
2,2.3,1.7940976564,-0.3224074114,-0.5549902937,1.6428623692,-0.5091796344,-0.757484245
2,2.4,1.7928759616,-0.3158064942,-0.5525153747,1.6406336658,-0.5119657754,-0.7449134361
2,2.5,1.7928759616,-0.3158064942,-0.5525153747,1.6406336658,-0.5119657754,-0.7449134361
2,2.6,1.7928759616,-0.3158064942,-0.5525153747,1.6406336658,-0.5119657754,-0.7449134361
2,2.7,1.7928759616,-0.3158064942,-0.5525153747,1.6406336658,-0.5119657754,-0.7449134361
2,2.8,1.7928759616,-0.3158064942,-0.5525153747,1.6406336658,-0.5119657754,-0.7449134361
2,2.9,1.7928759616,-0.3158064942,-0.5525153747,1.6406336658,-0.5119657754,-0.7449134361
2,3,1.7928759616,-0.3158064942,-0.5525153747,1.6406336658,-0.5119657754,-0.7449134361
3,0.1,2.3575078878,0.1386877978,-0.5719389575,2.357506836,0.1386926806,-0.8582841723
3,0.2,2.3575078878,0.1386877978,-0.5719389575,2.357506836,0.1386926806,-0.8582841723
3,0.3,2.3575078878,0.1386877978,-0.5719389575,2.357506836,0.1386926806,-0.8582841723
3,0.4,2.3575078878,0.1386877978,-0.5719389575,2.357506836,0.1386926806,-0.8582841723
3,0.5,2.3513838656,0.1378224646,-0.5724825141,2.3513828137,0.1378273474,-0.8588277289
3,0.6,2.3493745706,0.1389458093,-0.5761429071,2.3493735188,0.1389506921,-0.8624881219
3,0.7,2.3467698274,0.1365225209,-0.5804374532,2.3467687756,0.1365274037,-0.866782668
3,0.8,2.3365796764,0.1199769894,-0.5875798718,2.3365786246,0.1199818722,-0.8739250866
3,0.9,2.3366360654,0.1203801268,-0.5892303847,2.3366350135,0.1203850096,-0.8755755995
3,1,2.3161878262,0.1108457423,-0.5979308711,2.3161867744,0.1108506251,-0.884276086
3,1.1,2.294022993,0.1172140462,-0.601986942,2.1901603467,0.0313810002,-0.8472927129
3,1.2,2.2176245839,0.1085401282,-0.6029471106,2.0458472739,-0.1034300462,-0.7060206984
3,1.3,2.0897524776,0.0466057214,-0.5417288065,1.9551114486,-0.2103542992,-0.5098786415
3,1.4,2.0157012442,-0.0142304308,-0.493044605,1.8923189215,-0.2751537852,-0.4544474416
3,1.5,1.9559546409,-0.0746954521,-0.4595923287,1.823477913,-0.3379848791,-0.4355867456
3,1.6,1.9200647378,-0.1180613829,-0.4393699373,1.7777822852,-0.3878255011,-0.4383359674
3,1.7,1.8955613721,-0.161296443,-0.4351365404,1.7550120225,-0.4378892444,-0.4549030835
3,1.8,1.8916783704,-0.1806188907,-0.4395067959,1.7433466248,-0.4611025441,-0.4760594127
3,1.9,1.8982992968,-0.1736134953,-0.4448114772,1.741422364,-0.4452754638,-0.4783260987
3,2,1.8910541779,-0.1813737606,-0.4530477482,1.7372637917,-0.4540891692,-0.4879539216
3,2.1,1.8904508889,-0.1806883685,-0.4571373151,1.7348084382,-0.4519812986,-0.4943381899
3,2.2,1.891624935,-0.1747847082,-0.4583550623,1.732976377,-0.4444183476,-0.4949277828
3,2.3,1.8902169491,-0.1658738857,-0.4567548069,1.7365239743,-0.4385499874,-0.4918235173
3,2.4,1.8889703612,-0.1641261791,-0.4566223561,1.7343957794,-0.4358676526,-0.4948624499
3,2.5,1.8902955424,-0.1606597893,-0.4569806983,1.7334118652,-0.4307783008,-0.4972614941
3,2.6,1.8905049924,-0.158600203,-0.4611025863,1.7345770124,-0.4295205756,-0.4997898187
3,2.7,1.8905049924,-0.158600203,-0.4611025863,1.7345770124,-0.4295205756,-0.4997898187
3,2.8,1.8905049924,-0.158600203,-0.4611025863,1.7345770124,-0.4295205756,-0.4997898187
3,2.9,1.8905049924,-0.158600203,-0.4611025863,1.7345770124,-0.4295205756,-0.4997898187
3,3,1.8905049924,-0.158600203,-0.4611025863,1.7345770124,-0.4295205756,-0.4997898187
4,0.1,2.2340473324,0.1412903259,-0.5982412383,2.2340462806,0.1412952087,-0.8845864532
4,0.2,2.2340473324,0.1412903259,-0.5982412383,2.2340462806,0.1412952087,-0.8845864532
4,0.3,2.2340473324,0.1412903259,-0.5982412383,2.2340462806,0.1412952087,-0.8845864532
4,0.4,2.2340473324,0.1412903259,-0.5982412383,2.2340462806,0.1412952087,-0.8845864532
4,0.5,2.2340473324,0.1412903259,-0.5982412383,2.2340462806,0.1412952087,-0.8845864532
4,0.6,2.2340473324,0.1412903259,-0.5982412383,2.2340462806,0.1412952087,-0.8845864532
4,0.7,2.2302197149,0.1365182018,-0.5977769909,2.2302186631,0.1365230846,-0.8841222057
4,0.8,2.2306391572,0.1366602017,-0.595265762,2.2306381054,0.1366650845,-0.8816109768
4,0.9,2.2299865633,0.1359994479,-0.5975665408,2.2299855115,0.1360043307,-0.8839117557
4,1,2.2311203565,0.1367912459,-0.5956560225,2.2311193047,0.1367961287,-0.8820012374
4,1.1,2.234222874,0.1418568396,-0.5964502234,2.2342218222,0.1418617224,-0.8827954382
4,1.2,2.2350136566,0.1420001378,-0.5932842106,2.2350126048,0.1420050206,-0.8796294255
4,1.3,2.2299047721,0.1393173187,-0.5953523071,2.2299037203,0.1393222015,-0.881697522
4,1.4,2.2152834929,0.1321692242,-0.5865336499,2.2152824411,0.132174107,-0.8728788647
4,1.5,2.1643319452,0.1361062166,-0.6184409334,2.0559347413,0.0533268573,-0.8306365802
4,1.6,2.0931758345,0.1219777967,-0.5946530744,1.9361163215,-0.0424248646,-0.7434516308
4,1.7,1.9367500414,0.0017774693,-0.5186938817,1.8313714617,-0.2705049002,-0.502668226
4,1.8,1.8949617213,-0.0678411229,-0.4858996303,1.7749377922,-0.3521928821,-0.4720439343
4,1.9,1.8706764416,-0.115908366,-0.467858678,1.7350987903,-0.4001978503,-0.490257472
4,2,1.867003672,-0.1382078028,-0.4678522253,1.7177296192,-0.4122728958,-0.5106405259
4,2.1,1.8662307385,-0.1440456352,-0.4694167672,1.7118641202,-0.4142085862,-0.5181463027
4,2.2,1.8618286532,-0.1482674379,-0.4697368804,1.7148665546,-0.4209171629,-0.5267604494
4,2.3,1.8609712331,-0.1484089358,-0.4694034117,1.7162491185,-0.421776899,-0.5288250297
4,2.4,1.8602906919,-0.1486119259,-0.4693702976,1.7154226988,-0.4216924294,-0.5297481834
4,2.5,1.8589382769,-0.1490893021,-0.4693219528,1.7165898146,-0.4232369807,-0.5308716618
4,2.6,1.8589382769,-0.1490893021,-0.4693219528,1.7165898146,-0.4232369807,-0.5308716618
4,2.7,1.8589382769,-0.1490893021,-0.4693219528,1.7165898146,-0.4232369807,-0.5308716618
4,2.8,1.8589382769,-0.1490893021,-0.4693219528,1.7165898146,-0.4232369807,-0.5308716618
4,2.9,1.8589382769,-0.1490893021,-0.4693219528,1.7165898146,-0.4232369807,-0.5308716618
4,3,1.8589382769,-0.1490893021,-0.4693219528,1.7165898146,-0.4232369807,-0.5308716618
5,0.1,2.3195482438,0.2269752865,-0.5302942868,2.3205338049,0.2257349795,-0.8068205966
5,0.2,2.3195482438,0.2269752865,-0.5302942868,2.3205338049,0.2257349795,-0.8068205966
5,0.3,2.3195482438,0.2269752865,-0.5302942868,2.3205338049,0.2257349795,-0.8068205966
5,0.4,2.3195482438,0.2269752865,-0.5302942868,2.3205338049,0.2257349795,-0.8068205966
5,0.5,2.3203812496,0.2221463406,-0.5356638577,2.3196248516,0.2251745666,-0.8122109741
5,0.6,2.3195805087,0.2204890196,-0.5263624021,2.3178563423,0.2221123042,-0.8029239803
5,0.7,2.317486762,0.2173433362,-0.528589018,2.3182381849,0.2181454325,-0.8050777903
5,0.8,2.3153795799,0.2209499722,-0.526185751,2.3159962594,0.2156896595,-0.8026616443
5,0.9,2.3158305292,0.2121363599,-0.5291136091,2.3123644152,0.2150203804,-0.8055995583
5,1,2.3151584374,0.2092951251,-0.5245237628,2.3061539979,0.2109947076,-0.8009109368
5,1.1,2.3125896449,0.2017699082,-0.5170204575,2.3036437815,0.2083540428,-0.7933572777
5,1.2,2.312305465,0.1969923498,-0.5218711645,2.2789324768,0.1741846405,-0.7945450531
5,1.3,2.3040486917,0.1672273964,-0.5345681556,2.2077556462,0.0810293345,-0.7745962443
5,1.4,2.2645196338,0.0954114629,-0.5413342458,2.1156627326,-0.0399577668,-0.7343399246
5,1.5,2.2056283996,0.038093242,-0.5650969079,2.0450993749,-0.1354919997,-0.7310579881
5,1.6,2.1547754513,-0.0409112974,-0.5561257128,1.9829086732,-0.2464119363,-0.6833926596
5,1.7,2.1575851827,-0.0518347643,-0.5231942046,1.9855624623,-0.2403814701,-0.6494402768
5,1.8,2.1332643587,-0.0826140894,-0.4938171926,1.9567387392,-0.2509612878,-0.6247760474
5,1.9,2.0580093669,-0.1415924161,-0.5160156161,1.8878051179,-0.3245798882,-0.6394357673
5,2,2.0163195127,-0.1723856448,-0.5230764982,1.8546033261,-0.346768151,-0.6642470467
5,2.1,1.9750816148,-0.2012631309,-0.5472872231,1.8120445044,-0.374774655,-0.6878343538
5,2.2,1.9382768041,-0.2254785676,-0.5717927032,1.7807420567,-0.4069982502,-0.7084817608
5,2.3,1.9193829762,-0.230402282,-0.5846354683,1.7646899832,-0.4082698851,-0.7292242555
5,2.4,1.9023719716,-0.2396616066,-0.5988694756,1.7515992326,-0.4151433463,-0.7503402353
5,2.5,1.8977276785,-0.2417947566,-0.6026410039,1.7525422587,-0.4246249712,-0.7508594648
5,2.6,1.9038011435,-0.2354298508,-0.6020801132,1.7579582079,-0.4123580446,-0.7566814451
5,2.7,1.9038011435,-0.2354298508,-0.6020801132,1.7579582079,-0.4123580446,-0.7566814451
5,2.8,1.9038011435,-0.2354298508,-0.6020801132,1.7579582079,-0.4123580446,-0.7566814451
5,2.9,1.9038011435,-0.2354298508,-0.6020801132,1.7579582079,-0.4123580446,-0.7566814451
5,3,1.9038011435,-0.2354298508,-0.6020801132,1.7579582079,-0.4123580446,-0.7566814451
6,0.1,2.4098754942,0.1300998096,-0.5329528217,2.4098355082,0.1300861681,-0.7843939837
6,0.2,2.4098754942,0.1300998096,-0.5329528217,2.4098355082,0.1300861681,-0.7843939837
6,0.3,2.4098754942,0.1300998096,-0.5329528217,2.4098355082,0.1300861681,-0.7843939837
6,0.4,2.4106059843,0.1265318954,-0.5307189987,2.4105767404,0.1265229613,-0.7821600997
6,0.5,2.4056814547,0.117403879,-0.5314061754,2.4056597792,0.1173983629,-0.7828473375
6,0.6,2.4078477509,0.1063590032,-0.5325281316,2.4078316906,0.1063562184,-0.7839692327
6,0.7,2.4162560188,0.0914135537,-0.5298552499,2.4162441089,0.0914127145,-0.781296351
6,0.8,2.4179013635,0.0661484002,-0.5330491647,2.4178923833,0.0661489571,-0.7844902657
6,0.9,2.421330823,0.060719885,-0.5340811597,2.4213225752,0.060720831,-0.7855222607
6,1,2.4260828571,0.047164246,-0.5256119388,2.4260777831,0.0471666301,-0.7770530399
6,1.1,2.3636919356,0.0259213467,-0.56110701,2.3099973434,-0.0077410972,-0.7974486706
6,1.2,2.1786931628,0.0494307971,-0.5358109813,2.0008759298,-0.0690161184,-0.7131757456
6,1.3,2.0498201607,-0.0356354226,-0.4092948219,1.8873851665,-0.2605652718,-0.4837633109
6,1.4,2.001103773,-0.0879897275,-0.3835017352,1.8392103857,-0.3213234749,-0.4383252372
6,1.5,1.9560855604,-0.1394128894,-0.3750106946,1.8012249056,-0.379115454,-0.4314224183
6,1.6,1.924627101,-0.1866368819,-0.3790160417,1.7724319494,-0.4255668538,-0.4412150066
6,1.7,1.9072217787,-0.2169982892,-0.3894398059,1.7570758918,-0.4551553501,-0.4649571682
6,1.8,1.920279818,-0.2007683676,-0.3912202189,1.7709233477,-0.4281643935,-0.4592693529
6,1.9,1.9213470312,-0.1936246106,-0.397040932,1.7721553679,-0.4186092132,-0.4593749482
6,2,1.9194497001,-0.1979802694,-0.3992809763,1.7704136669,-0.4229196444,-0.4641580229
6,2.1,1.9057788346,-0.2126565892,-0.4049837154,1.7605484599,-0.4425059843,-0.4762841768
6,2.2,1.9067779859,-0.2131826322,-0.4039170992,1.7599835268,-0.4424340259,-0.4739644421
6,2.3,1.8949452757,-0.229033933,-0.4052333399,1.7514654925,-0.4610390377,-0.4838149967
6,2.4,1.9159077243,-0.2029011198,-0.3997271608,1.7663885259,-0.4284344297,-0.4681793399
6,2.5,1.9227565758,-0.194809664,-0.398558851,1.7711401991,-0.416484461,-0.4659744318
6,2.6,1.9051218758,-0.2176307584,-0.4035348299,1.7587718524,-0.4461839694,-0.4789441129
6,2.7,1.9142225672,-0.2081967803,-0.3986043214,1.766658427,-0.4322132983,-0.470958302
6,2.8,1.9142225672,-0.2081967803,-0.3986043214,1.766658427,-0.4322132983,-0.470958302
6,2.9,1.9142225672,-0.2081967803,-0.3986043214,1.766658427,-0.4322132983,-0.470958302
6,3,1.9142225672,-0.2081967803,-0.3986043214,1.766658427,-0.4322132983,-0.470958302
7,0.1,2.3629242022,0.2457475253,-0.5164588748,2.3548356839,0.2091530132,-0.7904183178
7,0.2,2.3629242022,0.2457475253,-0.5164588748,2.3548356839,0.2091530132,-0.7904183178
7,0.3,2.3629242022,0.2457475253,-0.5164588748,2.3548356839,0.2091530132,-0.7904183178
7,0.4,2.3656383206,0.2457403637,-0.5145509258,2.3530895973,0.2092298195,-0.7883852913
7,0.5,2.3621280945,0.2457588902,-0.5069596043,2.3566652907,0.2134516192,-0.7814997454
7,0.6,2.3651142242,0.2399289756,-0.5003518272,2.3612978838,0.2126938084,-0.7755184392
7,0.7,2.3658439857,0.2277634205,-0.5056719288,2.3623296141,0.2088746746,-0.7814975689
7,0.8,2.3717322072,0.2192722922,-0.5038442221,2.3663391424,0.2084323371,-0.780095362
7,0.9,2.3767535088,0.2087856926,-0.4976014427,2.3673970442,0.2035904678,-0.773927153
7,1,2.3759760065,0.1836130365,-0.4994768061,2.3452963528,0.1700709927,-0.7696783535
7,1.1,2.3795584474,0.1543282749,-0.4837019779,2.2939868553,0.1357640415,-0.7177119785
7,1.2,2.3073474139,0.1239551535,-0.5402128211,2.1567543874,0.0106316786,-0.7224494505
7,1.3,2.2175212096,0.0775220843,-0.5290067416,2.0392901125,-0.0964452299,-0.674657332
7,1.4,2.1476817018,0.0337578507,-0.4813306733,1.9695636458,-0.1671940593,-0.5863959065
7,1.5,2.0937301378,-0.0143513333,-0.4367734073,1.9131651877,-0.2225010902,-0.5143715294
7,1.6,2.039899769,-0.0654046393,-0.4008016824,1.8586123535,-0.2806637052,-0.4667764193
7,1.7,1.9926018926,-0.1093589604,-0.3850715587,1.8118920461,-0.3284929783,-0.4401064784
7,1.8,1.9511671047,-0.1502226151,-0.385470607,1.780389876,-0.3770960298,-0.4480860991
7,1.9,1.9187216177,-0.183366411,-0.3996552412,1.7562807857,-0.4110747256,-0.4710171323
7,2,1.8961381454,-0.2033412101,-0.4131539986,1.73618485,-0.4322453621,-0.4890345146
7,2.1,1.9047100988,-0.1929608381,-0.4213003008,1.7423340442,-0.4121783535,-0.4956090611
7,2.2,1.9131773206,-0.1772630531,-0.4228485192,1.7477560842,-0.3883987315,-0.4933691823
7,2.3,1.9082218618,-0.1776159613,-0.4271389368,1.7452149315,-0.3895571271,-0.4986102008
7,2.4,1.8981691235,-0.181905137,-0.4325075827,1.7372321501,-0.3955782135,-0.5027975799
7,2.5,1.8937156422,-0.1852614156,-0.4331466044,1.735198713,-0.4002994734,-0.5047547868
7,2.6,1.8902488651,-0.1902203517,-0.4327219701,1.735455677,-0.4063002965,-0.5091183132
7,2.7,1.8918428583,-0.1895653775,-0.4323309237,1.7345467449,-0.4046274177,-0.5065167778
7,2.8,1.8918428583,-0.1895653775,-0.4323309237,1.7345467449,-0.4046274177,-0.5065167778
7,2.9,1.8918428583,-0.1895653775,-0.4323309237,1.7345467449,-0.4046274177,-0.5065167778
7,3,1.8918428583,-0.1895653775,-0.4323309237,1.7345467449,-0.4046274177,-0.5065167778
8,0.1,2.2423493712,0.084406903,-0.5121583831,2.1166627131,-0.0112956079,-0.7774565054
8,0.2,2.2423493712,0.084406903,-0.5121583831,2.1166627131,-0.0112956079,-0.7774565054
8,0.3,2.2423493712,0.084406903,-0.5121583831,2.1166627131,-0.0112956079,-0.7774565054
8,0.4,2.2423493712,0.084406903,-0.5121583831,2.1166627131,-0.0112956079,-0.7774565054
8,0.5,2.2423493712,0.084406903,-0.5121583831,2.1166627131,-0.0112956079,-0.7774565054
8,0.6,2.2423493712,0.084406903,-0.5121583831,2.1166627131,-0.0112956079,-0.7774565054
8,0.7,2.2599170111,0.0825140842,-0.5105312504,2.1446756315,0.0401574559,-0.7981994672
8,0.8,2.2709490058,0.0804866055,-0.5092095135,2.1568914163,0.0480101123,-0.8000270878
8,0.9,2.2779331546,0.0783513239,-0.5064807794,2.1593006198,0.0459113739,-0.7956437958
8,1,2.2830657466,0.0728777709,-0.5054972778,2.1561092967,0.0294090429,-0.7894982763
8,1.1,2.2926433881,0.0683335099,-0.5087600693,2.1468900943,0.0255461092,-0.7836078616
8,1.2,2.2778301556,0.0609516615,-0.5161481374,2.1061484465,-0.0319601325,-0.7606237031
8,1.3,2.2140261227,0.0342387921,-0.5640525051,2.0163770253,-0.1486013886,-0.7271510223
8,1.4,2.1439761755,-0.0073784735,-0.5779978045,1.940785807,-0.2327594269,-0.6870294067
8,1.5,2.0331324049,-0.0707933818,-0.5805469579,1.848468097,-0.3234768833,-0.667434219
8,1.6,1.9743668264,-0.112003879,-0.5426347547,1.7893340781,-0.34483733,-0.6516431693
8,1.7,1.9058490443,-0.1765327028,-0.5297757994,1.7224207359,-0.3909895838,-0.6678622838
8,1.8,1.8564652273,-0.240254747,-0.5346494583,1.680398078,-0.4385678022,-0.7026080401
8,1.9,1.8165615279,-0.2876638291,-0.5523282058,1.6520960287,-0.4871376998,-0.7308326676
8,2,1.7994879744,-0.3100107851,-0.5597146177,1.6404541837,-0.5046903549,-0.748188826
8,2.1,1.7914767788,-0.3232974357,-0.5635045053,1.6402304118,-0.5140114312,-0.7621605049
8,2.2,1.7949821598,-0.3228114914,-0.5603221451,1.6388351418,-0.5093777083,-0.7592300798
8,2.3,1.7998226008,-0.3183928335,-0.5594874461,1.6429426851,-0.5064023209,-0.7564520188
8,2.4,1.8168301864,-0.294269602,-0.5639070032,1.6529494015,-0.4936537489,-0.7430072313
8,2.5,1.8168301864,-0.294269602,-0.5639070032,1.6529494015,-0.4936537489,-0.7430072313
8,2.6,1.8168301864,-0.294269602,-0.5639070032,1.6529494015,-0.4936537489,-0.7430072313
8,2.7,1.8168301864,-0.294269602,-0.5639070032,1.6529494015,-0.4936537489,-0.7430072313
8,2.8,1.8168301864,-0.294269602,-0.5639070032,1.6529494015,-0.4936537489,-0.7430072313
8,2.9,1.8168301864,-0.294269602,-0.5639070032,1.6529494015,-0.4936537489,-0.7430072313
8,3,1.8168301864,-0.294269602,-0.5639070032,1.6529494015,-0.4936537489,-0.7430072313
9,0.1,2.4706374158,0.119113102,-0.4887067986,2.4150336786,0.1366099757,-0.7974057215
9,0.2,2.4706374158,0.119113102,-0.4887067986,2.4150336786,0.1366099757,-0.7974057215
9,0.3,2.4706374158,0.119113102,-0.4887067986,2.4150336786,0.1366099757,-0.7974057215
9,0.4,2.4629230976,0.1285877211,-0.5355455459,2.3891639085,0.1270334494,-0.845416857
9,0.5,2.471212468,0.1430033552,-0.5037805006,2.3960145942,0.1344901853,-0.810807324
9,0.6,2.4755332502,0.1519692524,-0.4998709706,2.3996713236,0.1425202891,-0.805184962
9,0.7,2.4755332502,0.1519692524,-0.4998709706,2.3996713236,0.1425202891,-0.805184962
9,0.8,2.5039990955,0.2013635678,-0.510138165,2.4045043613,0.197953687,-0.8080940373
9,0.9,2.5040385855,0.2133937193,-0.5146637999,2.3886713433,0.2022435458,-0.8065610202
9,1,2.4640404808,0.242044787,-0.5682250544,2.3160925731,0.1493857963,-0.8356759269
9,1.1,2.4247531534,0.2288750565,-0.5742793534,2.2622246652,0.0996562436,-0.8156604703
9,1.2,2.3697207802,0.2082155831,-0.5683870004,2.1856945778,0.0368077569,-0.7613962731
9,1.3,2.3139494692,0.173125565,-0.5562981114,2.1164618791,-0.0268318407,-0.7010018538
9,1.4,2.2433071376,0.1253707813,-0.5369208988,2.0498608642,-0.1061213996,-0.6312185891
9,1.5,2.1626211949,0.0657308365,-0.5049195038,1.9848489706,-0.1904109832,-0.5637200593
9,1.6,2.0894789939,-0.0004258462,-0.4684115447,1.9174877623,-0.2652489686,-0.5062257018
9,1.7,2.0289820525,-0.0670569469,-0.4334768132,1.8588097141,-0.3350865865,-0.4621061015
9,1.8,1.9783037527,-0.1229209788,-0.4106465489,1.8098264932,-0.3900982716,-0.4355519359
9,1.9,1.9450501903,-0.1691431087,-0.3965010716,1.7766979981,-0.4340369919,-0.4340373489
9,2,1.9241413124,-0.2047877626,-0.3832098876,1.7509536623,-0.4635052871,-0.4501550827
9,2.1,1.9445745298,-0.1963637983,-0.3775544451,1.7593188001,-0.4404435499,-0.4533910143
9,2.2,1.9523512455,-0.1953787234,-0.3813916929,1.762799941,-0.4328691963,-0.4622402703
9,2.3,1.9466179608,-0.1975832275,-0.3858523652,1.751146951,-0.4293768685,-0.4685166252
9,2.4,1.9485100147,-0.1914569083,-0.3895178995,1.7529646859,-0.4247356875,-0.467711273
9,2.5,1.94884435,-0.1871455209,-0.3893719962,1.7571719501,-0.4230817719,-0.4691109161
9,2.6,1.9453853524,-0.1865270339,-0.3923631639,1.7611663409,-0.4281532904,-0.4725477594
9,2.7,1.9444018219,-0.186467162,-0.3950231639,1.7612376399,-0.4300416568,-0.4717222897
9,2.8,1.9442504345,-0.1830542445,-0.3971005865,1.7658190601,-0.4305481097,-0.4724278729
9,2.9,1.9442504345,-0.1830542445,-0.3971005865,1.7658190601,-0.4305481097,-0.4724278729
9,3,1.9442504345,-0.1830542445,-0.3971005865,1.7658190601,-0.4305481097,-0.4724278729
10,0.1,2.2737619193,0.0640337426,-0.4795522668,2.2377341233,0.0389287366,-0.7607183027
10,0.2,2.2737619193,0.0640337426,-0.4795522668,2.2377341233,0.0389287366,-0.7607183027
10,0.3,2.2737619193,0.0640337426,-0.4795522668,2.2377341233,0.0389287366,-0.7607183027
10,0.4,2.2708981586,0.0624683749,-0.478726298,2.2269421008,0.0474662069,-0.7604445814
10,0.5,2.2733175959,0.0640012779,-0.4761910286,2.2233337255,0.0448181719,-0.7567870364
10,0.6,2.2739679989,0.0624013581,-0.4744178376,2.2231633542,0.0390443676,-0.7519704464
10,0.7,2.2732096878,0.0627189785,-0.4769080387,2.224564683,0.044318474,-0.7571661303
10,0.8,2.2709491843,0.0649984234,-0.4760998944,2.2211000925,0.0425172604,-0.7564764203
10,0.9,2.2712648566,0.0685339166,-0.4729802056,2.2223683916,0.0483683317,-0.7537488859
10,1,2.2776107862,0.0725162626,-0.473817082,2.2266017594,0.0560144768,-0.7544416505
10,1.1,2.2981285056,0.0859605365,-0.4883786197,2.2275284828,0.0564548756,-0.7633626133
10,1.2,2.3197727451,0.093496642,-0.4938184575,2.2276718415,0.0501027719,-0.7566105387
10,1.3,2.3441021049,0.101280789,-0.482183293,2.2543241638,0.0624668873,-0.7500978802
10,1.4,2.3668955321,0.0995508084,-0.4920356106,2.250093284,0.0454681306,-0.7460457406
10,1.5,2.3521766776,0.0822748449,-0.537770725,2.1733838358,-0.0622014131,-0.714132495
10,1.6,2.3085381065,0.0508827855,-0.5417263142,2.0975062824,-0.1533576519,-0.6363809346
10,1.7,2.2428031582,0.0220720505,-0.5272207627,2.0309779813,-0.2108520064,-0.5557339006
10,1.8,2.1437628622,-0.0279408598,-0.514243104,1.9413507189,-0.2686989542,-0.4983837789
10,1.9,2.0478829938,-0.0800405887,-0.4959406888,1.8451802447,-0.3241820956,-0.4715885343
10,2,1.9704065498,-0.1317160136,-0.4821380971,1.7679231209,-0.3776037356,-0.4704495787
10,2.1,1.926150483,-0.1714777271,-0.4786661938,1.721993743,-0.4168546062,-0.4918914571
10,2.2,1.9204207589,-0.1767787888,-0.4806496017,1.7179984513,-0.4204635381,-0.5097565852
10,2.3,1.9283145325,-0.1715450409,-0.4822788116,1.7252650768,-0.4082929181,-0.5243143817
10,2.4,1.9280632842,-0.1703939493,-0.4886429769,1.7233495159,-0.4052382377,-0.5303857247
10,2.5,1.9281123355,-0.1669528481,-0.4908967308,1.7216891995,-0.399752587,-0.535282203
10,2.6,1.9273591745,-0.1683088384,-0.4887673335,1.7206447819,-0.4010306365,-0.5322034028
10,2.7,1.9276225015,-0.1722311702,-0.4868656011,1.7202336554,-0.4037775863,-0.5332288529
10,2.8,1.9276225015,-0.1722311702,-0.4868656011,1.7202336554,-0.4037775863,-0.5332288529
10,2.9,1.9276225015,-0.1722311702,-0.4868656011,1.7202336554,-0.4037775863,-0.5332288529
10,3,1.9276225015,-0.1722311702,-0.4868656011,1.7202336554,-0.4037775863,-0.5332288529
11,0.1,2.4482207267,0.1665709282,-0.5581371056,2.4482197459,0.1665761925,-0.8251416833
11,0.2,2.4482207267,0.1665709282,-0.5581371056,2.4482197459,0.1665761925,-0.8251416833
11,0.3,2.4482207267,0.1665709282,-0.5581371056,2.4482197459,0.1665761925,-0.8251416833
11,0.4,2.4482207267,0.1665709282,-0.5581371056,2.4482197459,0.1665761925,-0.8251416833
11,0.5,2.4482207267,0.1665709282,-0.5581371056,2.4482197459,0.1665761925,-0.8251416833
11,0.6,2.4472087755,0.1651270769,-0.556390825,2.4472077948,0.1651323411,-0.8233953416
11,0.7,2.4457031589,0.1637641868,-0.5581392326,2.4457021781,0.1637694511,-0.8251437492
11,0.8,2.4442917934,0.1623027406,-0.5564777284,2.4442908126,0.1623080049,-0.823482245
11,0.9,2.443498358,0.1576029086,-0.5552913851,2.4434973772,0.1576081729,-0.8222959628
11,1,2.4490716237,0.1585366296,-0.5479634027,2.4490706429,0.1585418939,-0.8149679803
11,1.1,2.4495584712,0.1541006878,-0.543915675,2.4495574905,0.1541059521,-0.8109202526
11,1.2,2.4495128113,0.1516980997,-0.5478560435,2.4495118305,0.151703364,-0.8148605601
11,1.3,2.4485133207,0.1430397404,-0.5507638767,2.4485123399,0.1430450046,-0.8177683933
11,1.4,2.4273223738,0.0852391025,-0.6164464771,2.4576053851,0.0446228083,-0.8422112978
11,1.5,2.3301649401,0.1367055196,-0.6213704977,2.1686064417,0.0820713202,-0.8494397895
11,1.6,2.2073503774,0.0751816844,-0.5797942409,1.9991710736,-0.0964194373,-0.7133918038
11,1.7,2.14269658,0.0162462453,-0.5692235688,1.9338069669,-0.1744198377,-0.6838023303
11,1.8,2.0784716772,-0.0374233003,-0.5698409476,1.8792652765,-0.2463309724,-0.6735286314
11,1.9,2.0409388963,-0.0690807219,-0.5530032243,1.8536168225,-0.2716613126,-0.6701388278
11,2,2.0132855746,-0.0891343971,-0.5401986794,1.8416943961,-0.2889990334,-0.6714194846
11,2.1,1.9739386213,-0.1277997028,-0.5536614255,1.8150654303,-0.3300520792,-0.6954605856
11,2.2,1.9459828667,-0.1615670708,-0.572198188,1.798951114,-0.3698228293,-0.7179203042
11,2.3,1.9398354308,-0.1717292332,-0.5755303798,1.7986127065,-0.3761186375,-0.7319951931
11,2.4,1.9400107489,-0.181499008,-0.5784728243,1.8039042918,-0.3798722801,-0.7468342018
11,2.5,1.9467878677,-0.1826652123,-0.5744049781,1.8069028206,-0.3764224095,-0.7450942226
11,2.6,1.9504988078,-0.1842623972,-0.5753070913,1.8044351652,-0.3746889896,-0.7444757443
11,2.7,1.9504988078,-0.1842623972,-0.5753070913,1.8044351652,-0.3746889896,-0.7444757443
11,2.8,1.9504988078,-0.1842623972,-0.5753070913,1.8044351652,-0.3746889896,-0.7444757443
11,2.9,1.9504988078,-0.1842623972,-0.5753070913,1.8044351652,-0.3746889896,-0.7444757443
11,3,1.9504988078,-0.1842623972,-0.5753070913,1.8044351652,-0.3746889896,-0.7444757443
12,0.1,2.3306287054,0.1589885108,-0.4938911903,2.2820175128,0.1276870933,-0.7541680503
12,0.2,2.3306287054,0.1589885108,-0.4938911903,2.2820175128,0.1276870933,-0.7541680503
12,0.3,2.3306287054,0.1589885108,-0.4938911903,2.2820175128,0.1276870933,-0.7541680503
12,0.4,2.3257549893,0.1508785686,-0.4847875957,2.2839391815,0.1245421571,-0.7469997224
12,0.5,2.3262162401,0.1497320554,-0.4671057737,2.2939526357,0.1328152957,-0.7315094027
12,0.6,2.3374106919,0.1691290387,-0.4826290692,2.2924069266,0.1358947578,-0.7433604713
12,0.7,2.3461601263,0.1786894041,-0.4941190916,2.3048166828,0.1643549169,-0.7573375676
12,0.8,2.3606224519,0.2009887736,-0.4927321208,2.3086260024,0.1708528709,-0.7526376305
12,0.9,2.3768250113,0.2117600733,-0.5029909693,2.3182048195,0.1754070596,-0.7590592965
12,1,2.3851287416,0.2092460352,-0.5002453028,2.3225522441,0.175929567,-0.755150499
12,1.1,2.3934485472,0.2077357661,-0.5068103969,2.3015767966,0.1460272988,-0.7473413399
12,1.2,2.3672302559,0.1750221383,-0.5475945718,2.2228388739,0.0599132705,-0.7358489242
12,1.3,2.304017968,0.1176275656,-0.5738330481,2.1201724653,-0.060614046,-0.6974954587
12,1.4,2.2382501817,0.0738347978,-0.5413619813,2.0521464596,-0.1438110961,-0.615830475
12,1.5,2.1678349394,0.0240788152,-0.5135211465,1.9863032144,-0.2078843207,-0.5424670739
12,1.6,2.1016262319,-0.0202316506,-0.4824611499,1.9242440467,-0.2588075071,-0.4837909427
12,1.7,2.0325947912,-0.0734699203,-0.4546727493,1.8645411803,-0.3198463006,-0.4411895271
12,1.8,1.9740703801,-0.1204948698,-0.4344364504,1.8164672184,-0.3742590748,-0.4256849254
12,1.9,1.9279926868,-0.1630467816,-0.4259217548,1.7823590975,-0.4244294577,-0.4335195475
12,2,1.9049708949,-0.1893039005,-0.4362063992,1.7614172354,-0.4523920895,-0.4526552127
12,2.1,1.9027598358,-0.1951337273,-0.4419020698,1.7527037823,-0.449169038,-0.4696284168
12,2.2,1.9037925051,-0.1915998185,-0.4507592818,1.7485082627,-0.4391843733,-0.4827957903
12,2.3,1.9018894108,-0.1933577601,-0.4574597753,1.7460131111,-0.4398002272,-0.4927761889
12,2.4,1.9040083177,-0.199032206,-0.4602826591,1.7446777781,-0.4429263307,-0.4974888609
12,2.5,1.9049975964,-0.2073615633,-0.4629424833,1.7396428645,-0.4469128604,-0.5018763852
12,2.6,1.9077678767,-0.2160705681,-0.4671293831,1.7368107264,-0.4521560654,-0.5029742141
12,2.7,1.9105605097,-0.2233926708,-0.4661557911,1.7373451588,-0.4572389797,-0.5057317845
12,2.8,1.9105605097,-0.2233926708,-0.4661557911,1.7373451588,-0.4572389797,-0.5057317845
12,2.9,1.9105605097,-0.2233926708,-0.4661557911,1.7373451588,-0.4572389797,-0.5057317845
12,3,1.9105605097,-0.2233926708,-0.4661557911,1.7373451588,-0.4572389797,-0.5057317845
13,0.1,2.3682450434,0.2305162369,-0.5207066361,2.3020035109,0.1948602319,-0.7768324914
13,0.2,2.3682450434,0.2305162369,-0.5207066361,2.3020035109,0.1948602319,-0.7768324914
13,0.3,2.3682450434,0.2305162369,-0.5207066361,2.3020035109,0.1948602319,-0.7768324914
13,0.4,2.3663937153,0.2289676156,-0.5248928475,2.3022691175,0.1948943515,-0.7818068576
13,0.5,2.3652943384,0.2300064757,-0.5270271208,2.2995115508,0.1931361016,-0.7831180657
13,0.6,2.3634491486,0.2259116508,-0.5243054344,2.2985803982,0.1949095509,-0.7814150594
13,0.7,2.3641181033,0.2240640428,-0.5236014573,2.2997608257,0.1933690432,-0.7808863772
13,0.8,2.3591808473,0.2217763049,-0.5259241931,2.2998674912,0.1958998969,-0.7848796027
13,0.9,2.3600302127,0.2215460071,-0.5261144428,2.2997612876,0.1964817751,-0.7849493044
13,1,2.3597682666,0.2176440439,-0.5254555063,2.3022283527,0.1901740144,-0.7847024873
13,1.1,2.3670299988,0.2086469697,-0.5307910432,2.2912238341,0.1618609399,-0.780341424
13,1.2,2.3631535436,0.1991036511,-0.5376952648,2.2427300868,0.0896610853,-0.7454382307
13,1.3,2.3176301903,0.1607503192,-0.5531233813,2.1602705337,0.0125941778,-0.7114797369
13,1.4,2.223373803,0.09393037,-0.5642719609,2.04858488,-0.1155484367,-0.6693014092
13,1.5,2.1534605613,0.0400418495,-0.5276523193,1.9688752136,-0.1839978644,-0.5911023859
13,1.6,2.0849415715,-0.0085448738,-0.4953015427,1.90061335,-0.2446763378,-0.5250730824
13,1.7,2.0205767337,-0.0597845549,-0.4718027101,1.8351792499,-0.2939989963,-0.4795980801
13,1.8,1.9629445232,-0.1086707835,-0.4564810262,1.782749568,-0.35015727,-0.4677711053
13,1.9,1.9191240014,-0.1434696505,-0.4485702512,1.7461570409,-0.3894096322,-0.4731828666
13,2,1.8927870666,-0.1774228265,-0.4549395087,1.725270746,-0.4248800153,-0.4929670306
13,2.1,1.8957889973,-0.176797144,-0.460428625,1.7269258073,-0.4167993207,-0.5094173236
13,2.2,1.9027393853,-0.1673976739,-0.4650191351,1.7340305704,-0.4019004604,-0.5204504612
13,2.3,1.9007952964,-0.1765972508,-0.473430627,1.728234182,-0.4081661677,-0.5271898809
13,2.4,1.8995433701,-0.1838976857,-0.4734319042,1.7224854,-0.4110700585,-0.5308270058
13,2.5,1.9050542539,-0.1866110138,-0.4708345733,1.7253007247,-0.4119709881,-0.5270602314
13,2.6,1.9118355042,-0.1849658473,-0.469086704,1.7296008787,-0.4077636664,-0.52747138
13,2.7,1.9178140233,-0.1846263783,-0.4678203075,1.731857215,-0.4041188522,-0.5269240861
13,2.8,1.9178140233,-0.1846263783,-0.4678203075,1.731857215,-0.4041188522,-0.5269240861
13,2.9,1.9178140233,-0.1846263783,-0.4678203075,1.731857215,-0.4041188522,-0.5269240861
13,3,1.9178140233,-0.1846263783,-0.4678203075,1.731857215,-0.4041188522,-0.5269240861
14,0.1,2.3198981829,0.1836365732,-0.5503363413,2.2504046419,-0.045763325,-0.7494338643
14,0.2,2.3198981829,0.1836365732,-0.5503363413,2.2504046419,-0.045763325,-0.7494338643
14,0.3,2.3198981829,0.1836365732,-0.5503363413,2.2504046419,-0.045763325,-0.7494338643
14,0.4,2.3198981829,0.1836365732,-0.5503363413,2.2504046419,-0.045763325,-0.7494338643
14,0.5,2.3198981829,0.1836365732,-0.5503363413,2.2504046419,-0.045763325,-0.7494338643
14,0.6,2.3204580127,0.1809282928,-0.5488678375,2.2497789102,-0.0457277896,-0.7492064451
14,0.7,2.3153342319,0.181641485,-0.5485580653,2.2479554341,-0.0459046609,-0.7465911429
14,0.8,2.31190504,0.1791009756,-0.5491157919,2.2447152078,-0.0491674291,-0.7476381892
14,0.9,2.3131015741,0.1788989231,-0.5490617802,2.2420543218,-0.0498212933,-0.7475812336
14,1,2.3112346534,0.1692723446,-0.5525366879,2.2438170396,-0.0617084786,-0.7533452781
14,1.1,2.3077776312,0.1658517234,-0.5534753959,2.2456371132,-0.0664778353,-0.7566727995
14,1.2,2.306446083,0.1620079685,-0.55875835,2.2357953119,-0.0684442869,-0.7598430514
14,1.3,2.3030647722,0.1562880769,-0.5544491335,2.2212186746,-0.0706269271,-0.7558132127
14,1.4,2.2595409488,0.1281711721,-0.5546914663,2.1691890628,-0.1041241885,-0.7421092252
14,1.5,2.1636936002,0.0567761667,-0.5423309457,2.0562175698,-0.1870075686,-0.7077015226
14,1.6,2.0868127811,-0.0108593238,-0.5325257317,1.9662769596,-0.2546944071,-0.6916154379
14,1.7,2.0101964683,-0.0838492293,-0.5335629259,1.8701629759,-0.3261640289,-0.6884584686
14,1.8,1.9979560581,-0.1098589102,-0.5077301783,1.8366147092,-0.3306156597,-0.6397547931
14,1.9,1.9543341807,-0.1688570028,-0.5142179941,1.7823668751,-0.3848796835,-0.6361070109
14,2,1.919665844,-0.2121874067,-0.5247841509,1.7426593879,-0.42865699,-0.6378453904
14,2.1,1.8939950292,-0.2399067393,-0.5297301626,1.716922917,-0.4579995528,-0.6395760698
14,2.2,1.8748305187,-0.2577575482,-0.5366013691,1.6991902883,-0.4763334802,-0.6477680213
14,2.3,1.8668898424,-0.2658834318,-0.5454250704,1.6893005852,-0.4784536337,-0.6647599283
14,2.4,1.859830728,-0.268997502,-0.5573518022,1.6796975272,-0.4803853707,-0.6750476738
14,2.5,1.8628744182,-0.265987481,-0.5573244697,1.6828107914,-0.476826796,-0.6761222091
14,2.6,1.8736214739,-0.2631052699,-0.5584009862,1.6893451716,-0.4686743367,-0.6798509319
14,2.7,1.8736214739,-0.2631052699,-0.5584009862,1.6893451716,-0.4686743367,-0.6798509319
14,2.8,1.8736214739,-0.2631052699,-0.5584009862,1.6893451716,-0.4686743367,-0.6798509319
14,2.9,1.8736214739,-0.2631052699,-0.5584009862,1.6893451716,-0.4686743367,-0.6798509319
14,3,1.8736214739,-0.2631052699,-0.5584009862,1.6893451716,-0.4686743367,-0.6798509319
15,0.1,2.1316300191,0.177950228,-0.5825428031,2.0584238613,-0.0799027326,-0.7355441821
15,0.2,2.1316300191,0.177950228,-0.5825428031,2.0584238613,-0.0799027326,-0.7355441821
15,0.3,2.1316300191,0.177950228,-0.5825428031,2.0584238613,-0.0799027326,-0.7355441821
15,0.4,2.1316300191,0.177950228,-0.5825428031,2.0584238613,-0.0799027326,-0.7355441821
15,0.5,2.1314483754,0.1780001541,-0.583319841,2.0623340003,-0.0787502219,-0.7390800851
15,0.6,2.1324527735,0.1781906027,-0.5821526083,2.0599619307,-0.0781123674,-0.7382438948
15,0.7,2.1333116572,0.1776507194,-0.5835360343,2.0626782388,-0.0790980142,-0.7393704917
15,0.8,2.1347845902,0.1733470139,-0.5789446091,2.0568919104,-0.0851083809,-0.7321542839
15,0.9,2.1202226377,0.1645486358,-0.571631079,2.0428549627,-0.1032945439,-0.7063316005
15,1,2.1013203806,0.1514096198,-0.561166471,2.0161267532,-0.1221597239,-0.6750963949
15,1.1,2.0433553473,0.1034027464,-0.5278682234,1.9485160889,-0.1813812399,-0.5868089151
15,1.2,1.9910035933,0.0565088812,-0.4939631544,1.9016581062,-0.2339691959,-0.5262129178
15,1.3,1.9524614347,0.0027531664,-0.4600720827,1.8534840588,-0.2870254183,-0.4728039884
15,1.4,1.9242883932,-0.0458994258,-0.4275028264,1.8131419239,-0.3342162404,-0.4458776012
15,1.5,1.90036281,-0.0884674306,-0.4161622233,1.7875397068,-0.3783238173,-0.4355495653
15,1.6,1.8840302106,-0.1255460886,-0.4085171133,1.7781370857,-0.4170306084,-0.4500643012
15,1.7,1.8734994269,-0.1518759002,-0.4076041718,1.7659388839,-0.4405945265,-0.462650316
15,1.8,1.9025827356,-0.1325892639,-0.4061090088,1.7690871972,-0.4006826497,-0.456525999
15,1.9,1.9051172998,-0.1413184568,-0.4098452852,1.7633712516,-0.4031116868,-0.4598519057
15,2,1.9040539463,-0.1466213324,-0.4148801934,1.7625356754,-0.408065883,-0.4661262556
15,2.1,1.8994439962,-0.1581491204,-0.4168239021,1.7568566066,-0.4178174298,-0.4736223285
15,2.2,1.8998171748,-0.1627135111,-0.4187468771,1.7562477189,-0.4214090153,-0.4774842648
15,2.3,1.899072794,-0.1648482489,-0.4198008905,1.7550862268,-0.423509697,-0.4776867446
15,2.4,1.8936592159,-0.1681921104,-0.4241930825,1.7516464195,-0.4285197499,-0.4794095408
15,2.5,1.8902420895,-0.1673234401,-0.4266381688,1.7535797734,-0.4307732218,-0.4805002462
15,2.6,1.8907452575,-0.165180738,-0.4260907464,1.7553396582,-0.4293065711,-0.4798320398
15,2.7,1.887513456,-0.1666341648,-0.4247985592,1.7538699337,-0.4311282623,-0.4810907319
15,2.8,1.887513456,-0.1666341648,-0.4247985592,1.7538699337,-0.4311282623,-0.4810907319
15,2.9,1.887513456,-0.1666341648,-0.4247985592,1.7538699337,-0.4311282623,-0.4810907319
15,3,1.887513456,-0.1666341648,-0.4247985592,1.7538699337,-0.4311282623,-0.4810907319
16,0.1,2.4289273581,0.4513816942,-0.5151060899,2.3852271265,0.4832251005,-0.8254640837
16,0.2,2.4289273581,0.4513816942,-0.5151060899,2.3852271265,0.4832251005,-0.8254640837
16,0.3,2.4289273581,0.4513816942,-0.5151060899,2.3852271265,0.4832251005,-0.8254640837
16,0.4,2.4289273581,0.4513816942,-0.5151060899,2.3852271265,0.4832251005,-0.8254640837
16,0.5,2.4289273581,0.4513816942,-0.5151060899,2.3852271265,0.4832251005,-0.8254640837
16,0.6,2.4242136335,0.4310177242,-0.4966541378,2.3562024399,0.4554462464,-0.7945258057
16,0.7,2.4004246367,0.4143673378,-0.4954159218,2.3235289824,0.4239720968,-0.7915497946
16,0.8,2.3836436999,0.4015104341,-0.4894707612,2.2860387583,0.3732128649,-0.7730517321
16,0.9,2.3707417604,0.382992778,-0.4644086716,2.2765909958,0.3454473883,-0.736705628
16,1,2.3343497083,0.3611026908,-0.4760246878,2.2412557888,0.293189568,-0.7230156179
16,1.1,2.319856287,0.353655555,-0.4870429451,2.2205609797,0.2810329979,-0.7310469749
16,1.2,2.319856287,0.353655555,-0.4870429451,2.2205609797,0.2810329979,-0.7310469749
16,1.3,2.1459065269,0.2180450528,-0.5041705411,1.9960605108,0.0442878953,-0.6301955644
16,1.4,2.0246221572,0.1042921125,-0.5367192899,1.8829205333,-0.1328494679,-0.5645920604
16,1.5,1.9517973156,0.0260496155,-0.5186733071,1.818086944,-0.2245239462,-0.5154625498
16,1.6,1.9072971966,-0.027457197,-0.5048702871,1.7643562214,-0.2944244884,-0.4883096119
16,1.7,1.8742745977,-0.0752787218,-0.4905525999,1.7323066434,-0.3481507109,-0.4803327791
16,1.8,1.8521955136,-0.1081996098,-0.4854973736,1.7156746757,-0.3845635832,-0.4861618196
16,1.9,1.8408178152,-0.1352012003,-0.4827592031,1.7125127456,-0.4129271202,-0.4989491615
16,2,1.8374896107,-0.1486043345,-0.4845613759,1.7084789303,-0.4238646351,-0.5103825878
16,2.1,1.8504750237,-0.1370984732,-0.4895547098,1.7157457132,-0.4074065395,-0.5110152134
16,2.2,1.8528429053,-0.1314893337,-0.4944022527,1.7194006994,-0.4016422439,-0.51698947
16,2.3,1.8590547883,-0.1246076504,-0.4959745716,1.7227492626,-0.3920131727,-0.5262998461
16,2.4,1.8602151863,-0.1245054427,-0.4965212983,1.7230317216,-0.3912198062,-0.5286917539
16,2.5,1.8591536698,-0.1277257607,-0.4978588798,1.7272260622,-0.3967081331,-0.5329061247
16,2.6,1.86105969,-0.1329683837,-0.4991754762,1.7249680131,-0.3998823357,-0.5340377082
16,2.7,1.86105969,-0.1329683837,-0.4991754762,1.7249680131,-0.3998823357,-0.5340377082
16,2.8,1.86105969,-0.1329683837,-0.4991754762,1.7249680131,-0.3998823357,-0.5340377082
16,2.9,1.86105969,-0.1329683837,-0.4991754762,1.7249680131,-0.3998823357,-0.5340377082
16,3,1.86105969,-0.1329683837,-0.4991754762,1.7249680131,-0.3998823357,-0.5340377082
17,0.1,2.6053869782,0.3273541136,-0.4660624876,2.6053859847,0.3273587217,-0.7365473509
17,0.2,2.6053869782,0.3273541136,-0.4660624876,2.6053859847,0.3273587217,-0.7365473509
17,0.3,2.6053869782,0.3273541136,-0.4660624876,2.6053859847,0.3273587217,-0.7365473509
17,0.4,2.6053869782,0.3273541136,-0.4660624876,2.6053859847,0.3273587217,-0.7365473509
17,0.5,2.6019853637,0.3223580073,-0.4719379634,2.6019843701,0.3223626155,-0.7424228267
17,0.6,2.6039675675,0.3144108405,-0.4727786079,2.603966574,0.3144154487,-0.7432634712
17,0.7,2.6074419319,0.3164077405,-0.4710038404,2.6074409384,0.3164123487,-0.7414887037
17,0.8,2.5976743541,0.3156503804,-0.471687032,2.5976733605,0.3156549886,-0.7421718953
17,0.9,2.5957873943,0.3083043957,-0.4781870861,2.5957864007,0.3083090039,-0.7486719494
17,1,2.5831967624,0.3088149085,-0.4928603797,2.5831957688,0.3088195167,-0.763345243
17,1.1,2.5664164303,0.3138905,-0.5037348298,2.5664154368,0.3138951081,-0.7742196931
17,1.2,2.54452578,0.3250358053,-0.4994911276,2.5445247864,0.3250404135,-0.7699760214
17,1.3,2.5179830334,0.3330301231,-0.4974742149,2.5179820398,0.3330347312,-0.7679590782
17,1.4,2.4502972876,0.3227417885,-0.5619253823,2.4242313773,0.2867060483,-0.7952517026
17,1.5,2.3241920465,0.3070320358,-0.5821131515,2.2006674143,0.1892153742,-0.8257912866
17,1.6,2.1722592737,0.2056447437,-0.5264653766,1.9953055732,-0.0213026379,-0.6442399342
17,1.7,2.0882203007,0.0895487319,-0.4852849837,1.9215532777,-0.1614380864,-0.5452530299
17,1.8,2.0340642579,-0.021146894,-0.4398572945,1.859363191,-0.2775647339,-0.4683064819
17,1.9,1.984997208,-0.1166012445,-0.4114591346,1.8077076449,-0.3722906927,-0.4378715693
17,2,1.9505116114,-0.1818081735,-0.4104396597,1.7755865728,-0.4362424403,-0.4626924352
17,2.1,1.9751428998,-0.1670110249,-0.4117759013,1.7934711994,-0.3992791178,-0.4635746725
17,2.2,1.962371043,-0.1772003266,-0.4236569274,1.7798998916,-0.4066044545,-0.4760146556
17,2.3,1.9511180992,-0.1806587267,-0.430948329,1.7695200096,-0.4111443181,-0.4803334041
17,2.4,1.9545536166,-0.1737869489,-0.4321080706,1.7706789181,-0.4028695641,-0.4793964577
17,2.5,1.9488215504,-0.1706549052,-0.4318544485,1.766644489,-0.401105083,-0.4790673108
17,2.6,1.9468255968,-0.1544842124,-0.4439760232,1.7684851585,-0.3902988629,-0.476095058
17,2.7,1.9468255968,-0.1544842124,-0.4439760232,1.7684851585,-0.3902988629,-0.476095058
17,2.8,1.9468255968,-0.1544842124,-0.4439760232,1.7684851585,-0.3902988629,-0.476095058
17,2.9,1.9468255968,-0.1544842124,-0.4439760232,1.7684851585,-0.3902988629,-0.476095058
17,3,1.9468255968,-0.1544842124,-0.4439760232,1.7684851585,-0.3902988629,-0.476095058
18,0.1,2.6855274189,0.4329986035,-0.4770694959,2.6855261812,0.4330032117,-0.7475543591
18,0.2,2.6855274189,0.4329986035,-0.4770694959,2.6855261812,0.4330032117,-0.7475543591
18,0.3,2.6835467086,0.4332499085,-0.4761187439,2.6835454709,0.4332545166,-0.7466036072
18,0.4,2.6819290302,0.4292523134,-0.4808145388,2.6819280367,0.4292569216,-0.7512994021
18,0.5,2.6808741131,0.4290380456,-0.4770774133,2.6808731195,0.4290426538,-0.7475622766
18,0.6,2.6799812927,0.4250019401,-0.4806073783,2.6799802991,0.4250065482,-0.7510922416
18,0.7,2.6690088345,0.4277118607,-0.4904439774,2.6690078409,0.4277164689,-0.7609288712
18,0.8,2.6621179678,0.4304164558,-0.4870796638,2.6621169742,0.4304210639,-0.757564527
18,0.9,2.6538171922,0.4293596626,-0.4866064582,2.6538161986,0.4293642707,-0.757091291
18,1,2.6322773814,0.4307327219,-0.489532374,2.6322763879,0.43073733,-0.7600172373
18,1.1,2.6114902164,0.4340810037,-0.5013430581,2.6114892228,0.4340856118,-0.7718279519
18,1.2,2.5873547181,0.4316678596,-0.5038148628,2.5873537246,0.4316724678,-0.7742997261
18,1.3,2.5518512685,0.4286809128,-0.5154272202,2.5518502749,0.4286855209,-0.7859120834
18,1.4,2.5432846085,0.449469364,-0.5636995886,2.449250882,0.418194574,-0.8039407593
18,1.5,2.4305184104,0.4522833419,-0.5839822554,2.2605111465,0.3173121974,-0.7689941432
18,1.6,2.2461210064,0.3279817612,-0.559852916,2.0999714136,0.082233269,-0.6548647083
18,1.7,2.1576139931,0.2086642669,-0.5280765899,2.0120540247,-0.0577808173,-0.5705676934
18,1.8,2.0695557181,0.090630664,-0.4928590423,1.9344844749,-0.1840786334,-0.4892087049
18,1.9,1.9921546639,-0.0317791204,-0.4635876399,1.8446286024,-0.2990964958,-0.4482988289
18,2,1.9338681842,-0.1164626231,-0.4433174062,1.7732641334,-0.3802870045,-0.4540377941
18,2.1,1.8923333405,-0.1705503306,-0.4455454031,1.732722919,-0.4267815992,-0.4881801012
18,2.2,1.8955406951,-0.1664557448,-0.4531301927,1.7299689781,-0.4079569633,-0.5120218575
18,2.3,1.89006581,-0.1665457307,-0.4618142241,1.7235071366,-0.4055258347,-0.5230827468
18,2.4,1.8804493382,-0.1699422504,-0.4697492779,1.7170952925,-0.4125276283,-0.5243300987
18,2.5,1.8819793288,-0.1634519494,-0.4738096168,1.7182546892,-0.4064240474,-0.5255955449
18,2.6,1.8769705354,-0.1680944544,-0.4796303686,1.7147754577,-0.4128753541,-0.5275412108
18,2.7,1.8826133088,-0.1596890229,-0.4845296508,1.7159198182,-0.4019118795,-0.5298327189
18,2.8,1.9029706745,-0.1283474717,-0.5017070327,1.7292960235,-0.367745418,-0.5330990645
18,2.9,1.9029706745,-0.1283474717,-0.5017070327,1.7292960235,-0.367745418,-0.5330990645
18,3,1.9029706745,-0.1283474717,-0.5017070327,1.7292960235,-0.367745418,-0.5330990645
19,0.1,2.3400932041,0.1010783665,-0.5127953998,2.3384125457,0.1003357989,-0.7778765094
19,0.2,2.3400932041,0.1010783665,-0.5127953998,2.3384125457,0.1003357989,-0.7778765094
19,0.3,2.3400932041,0.1010783665,-0.5127953998,2.3384125457,0.1003357989,-0.7778765094
19,0.4,2.3428221913,0.1043228223,-0.5141101682,2.3415966102,0.1037818708,-0.7791942701
19,0.5,2.3431759619,0.1037426463,-0.5117505808,2.3422821673,0.1033486763,-0.7768362404
19,0.6,2.3419723451,0.10245126,-0.5139839443,2.3413204935,0.1021643848,-0.7790704898
19,0.7,2.3418553979,0.1016735649,-0.5158040123,2.3413798156,0.1014646474,-0.7808910467
19,0.8,2.339301707,0.0979396993,-0.5140843374,2.3389547866,0.0977875069,-0.7791715553
19,0.9,2.339164023,0.1024413239,-0.506506395,2.3389108524,0.1023310324,-0.7715936743
19,1,2.2633312313,0.1068909431,-0.5761437507,2.1096141009,0.019123609,-0.7547312598
19,1.1,2.1769346122,0.0927644661,-0.5605062873,1.9815690365,-0.0948475644,-0.6083969882
19,1.2,2.0670871806,0.0254302613,-0.5002054078,1.9098698657,-0.2052420081,-0.4398832055
19,1.3,2.0192601213,-0.0259042001,-0.460807527,1.8443234743,-0.2608021549,-0.3970067135
19,1.4,1.9793129491,-0.0904512562,-0.4334629589,1.7877707503,-0.3197690069,-0.386680395
19,1.5,1.9514289299,-0.1519861181,-0.4247095606,1.7511383477,-0.3815984871,-0.4034033744
19,1.6,1.9411324135,-0.183862453,-0.4254338575,1.7399486668,-0.4170085014,-0.4343610054
19,1.7,1.9381317297,-0.2060786352,-0.4343980188,1.7351422993,-0.4400494736,-0.449486354
19,1.8,1.9627158787,-0.1888657611,-0.438838081,1.7623534461,-0.41171838,-0.4638848304
19,1.9,1.9865511062,-0.1636891752,-0.4408051486,1.7868902912,-0.3761327491,-0.4670022301
19,2,1.9882183182,-0.1605114041,-0.4442277926,1.7872532898,-0.370192074,-0.471546604
19,2.1,1.9676620944,-0.1787487843,-0.4487065684,1.7657817952,-0.3921950215,-0.4764120342
19,2.2,1.9634504093,-0.1803604636,-0.4544368997,1.7606875655,-0.3957413354,-0.477603086
19,2.3,1.9392528724,-0.2064342372,-0.4546744206,1.7309822317,-0.4258141068,-0.4775963546
19,2.4,1.9364429215,-0.2050732093,-0.457224215,1.7263142667,-0.426597144,-0.477358514
19,2.5,1.9361172325,-0.2054239796,-0.4590320141,1.7235128357,-0.4217237412,-0.4832164443
19,2.6,1.9346873891,-0.2016818736,-0.4645107076,1.723605959,-0.4192856,-0.4852167193
19,2.7,1.9322685502,-0.1962258583,-0.463318499,1.7213388321,-0.4129576664,-0.4889738826
19,2.8,1.9312356944,-0.1943004013,-0.4665412125,1.720653526,-0.4115935942,-0.4885254548
19,2.9,1.9312356944,-0.1943004013,-0.4665412125,1.720653526,-0.4115935942,-0.4885254548
19,3,1.9312356944,-0.1943004013,-0.4665412125,1.720653526,-0.4115935942,-0.4885254548
20,0.1,2.3553008711,0.1199348524,-0.5202772062,2.3552998973,0.1199400785,-0.7853644865
20,0.2,2.3553008711,0.1199348524,-0.5202772062,2.3552998973,0.1199400785,-0.7853644865
20,0.3,2.3553008711,0.1199348524,-0.5202772062,2.3552998973,0.1199400785,-0.7853644865
20,0.4,2.3553008711,0.1199348524,-0.5202772062,2.3552998973,0.1199400785,-0.7853644865
20,0.5,2.35680383,0.1174639793,-0.5147820945,2.3568028563,0.1174692054,-0.7798693748
20,0.6,2.365115592,0.1229321724,-0.5108397422,2.3651146182,0.1229373985,-0.7759270225
20,0.7,2.3570906831,0.1236252734,-0.511931235,2.3570897093,0.1236304995,-0.7770185458
20,0.8,2.3594837563,0.1195736083,-0.5141208495,2.3594827826,0.1195788344,-0.7792081298
20,0.9,2.3547433492,0.1030999123,-0.511160688,2.3547423755,0.1031051384,-0.7762479683
20,1,2.2874018654,0.1349138892,-0.5935094397,2.1566378796,0.0329420343,-0.7809341913
20,1.1,2.2293500608,0.1058577219,-0.5688488261,2.0384822466,-0.0889109082,-0.668360332
20,1.2,2.1504994236,0.0489946584,-0.5067340345,1.9655665455,-0.1761659673,-0.4706026789
20,1.3,2.1122180348,-0.0054074445,-0.4659859996,1.923832252,-0.2245874158,-0.3971294421
20,1.4,2.0649308354,-0.0680970293,-0.42024904,1.8779576701,-0.2896957996,-0.3484101269
20,1.5,2.0249044459,-0.1315041283,-0.3900241005,1.8331764359,-0.3638332627,-0.351788655
20,1.6,2.0007298213,-0.1738703365,-0.3833634282,1.8051993888,-0.4076648779,-0.3613782434
20,1.7,1.9801811887,-0.1977966052,-0.3873053388,1.7883741521,-0.4385353011,-0.3702908403
20,1.8,1.9613779739,-0.2045640845,-0.3919340234,1.7789824987,-0.4558254967,-0.3684416542
20,1.9,1.9462766592,-0.2103842236,-0.3967525714,1.7691049142,-0.4613171101,-0.3796689128
20,2,1.9354504648,-0.2147689985,-0.407285216,1.7538272868,-0.4679583406,-0.397060916
20,2.1,1.932070087,-0.2182426285,-0.4125632798,1.748345958,-0.4711064625,-0.4017131176
20,2.2,1.9265224794,-0.2193175237,-0.413699734,1.748018428,-0.4750820191,-0.4098750427
20,2.3,1.9260949757,-0.2181234487,-0.4161636912,1.7468680239,-0.4720127484,-0.4104728473
20,2.4,1.9266994408,-0.2149447508,-0.420363553,1.7457327062,-0.4663145715,-0.4221371803
20,2.5,1.9264548079,-0.2161709328,-0.422682003,1.7443604802,-0.466230348,-0.4312203661
20,2.6,1.926392562,-0.218470463,-0.4222606466,1.740442499,-0.4652465977,-0.4336264186
20,2.7,1.926392562,-0.218470463,-0.4222606466,1.740442499,-0.4652465977,-0.4336264186
20,2.8,1.926392562,-0.218470463,-0.4222606466,1.740442499,-0.4652465977,-0.4336264186
20,2.9,1.926392562,-0.218470463,-0.4222606466,1.740442499,-0.4652465977,-0.4336264186
20,3,1.926392562,-0.218470463,-0.4222606466,1.740442499,-0.4652465977,-0.4336264186
