rosbagTimestamp,head_x,head_y,head_z,left_elbow_x,left_elbow_y,left_elbow_z,left_foot_x,left_foot_y,left_foot_z,left_hand_x,left_hand_y,left_hand_z,left_hip_x,left_hip_y,left_hip_z,left_knee_x,left_knee_y,left_knee_z,left_shoulder_x,left_shoulder_y,left_shoulder_z,neck_x,neck_y,neck_z,right_elbow_x,right_elbow_y,right_elbow_z,right_foot_x,right_foot_y,right_foot_z,right_hand_x,right_hand_y,right_hand_z,right_hip_x,right_hip_y,right_hip_z,right_knee_x,right_knee_y,right_knee_z,right_shoulder_x,right_shoulder_y,right_shoulder_z,torso_x,torso_y,torso_z
08-May-2018 09:55:35:000,2.75471648736,0.238136171497,-0.045533571401,2.65496294909,0.473557725859,-0.573979234656,2.72022119666,0.396181195546,-1.52989060718,2.59262681243,0.487774873595,-0.879843141427,2.72387129804,0.396704860077,-0.67759856736,2.72369685058,0.396664423645,-1.1121079051,2.68161020525,0.394066582285,-0.243962471571,2.76197587332,0.263175611614,-0.256783521774,2.84234049783,0.132284991892,-0.553706912673,2.73928173549,0.135532355035,-1.52687065766,2.84233945428,0.132279391913,-0.837808902417,2.82634157759,0.229812109029,-0.693946111721,2.73928327014,0.135532355041,-1.10907329438,2.84234154139,0.132284625685,-0.269604617753,2.76854115557,0.288217048084,-0.471277930657
08-May-2018 09:55:35:000,2.75700871533,0.241105753891,-0.044837748522,2.6541724322,0.47348811236,-0.571203963197,2.71768333865,0.40189419892,-1.52859152559,2.59457188653,0.488533089968,-0.877521859509,2.72030805,0.402264203678,-0.676292585033,2.72021783098,0.402243512429,-1.11080186205,2.68431942499,0.397894351025,-0.242524615312,2.76222342573,0.26561076267,-0.256033705789,2.8401263829,0.133327555781,-0.553645075927,2.72883809307,0.145056715478,-1.52793629313,2.84012533935,0.133321955801,-0.837747065671,2.82307376223,0.227764504862,-0.694112847764,2.72883962773,0.145056715483,-1.11013892985,2.84012742646,0.133327189574,-0.269542781007,2.76695716592,0.290312562285,-0.470618195835
08-May-2018 09:55:35:000,2.75727457351,0.242572307602,-0.0463549156363,2.65527204539,0.474025134221,-0.569627612256,2.71959397091,0.404694620977,-1.52913425722,2.59593614653,0.489427443124,-0.876031324969,2.72148919046,0.404958299813,-0.676831712907,2.7214421843,0.404947710041,-1.11134105112,2.68644563215,0.401269999704,-0.242835597243,2.76216482081,0.267760298588,-0.256924025398,2.8378829659,0.134250963678,-0.555114733214,2.74103264062,0.149461698015,-1.53238824222,2.83788192236,0.134245363698,-0.839216722958,2.82017579733,0.230952482499,-0.695193403526,2.74103417527,0.14946169802,-1.11459087894,2.83788400947,0.134250597471,-0.271012438294,2.76649865735,0.292857848687,-0.471468291807
08-May-2018 09:55:35:000,2.75727457351,0.242572307602,-0.0463549156363,2.65527204539,0.474025134221,-0.569627612256,2.71959397091,0.404694620977,-1.52913425722,2.59593614653,0.489427443124,-0.876031324969,2.72148919046,0.404958299813,-0.676831712907,2.7214421843,0.404947710041,-1.11134105112,2.68644563215,0.401269999704,-0.242835597243,2.76216482081,0.267760298588,-0.256924025398,2.8378829659,0.134250963678,-0.555114733214,2.74103264062,0.149461698015,-1.53238824222,2.83788192236,0.134245363698,-0.839216722958,2.82017579733,0.230952482499,-0.695193403526,2.74103417527,0.14946169802,-1.11459087894,2.83788400947,0.134250597471,-0.271012438294,2.76649865735,0.292857848687,-0.471468291807
08-May-2018 09:55:35:000,2.75754262454,0.243606991814,-0.0495071535594,2.65747904802,0.47904717602,-0.572398738527,2.72191598388,0.402884448842,-1.53326073059,2.5937039501,0.492534673694,-0.878016057981,2.72291276642,0.403020682972,-0.680955131222,2.7228992075,0.403017905823,-1.11546446955,2.68351812811,0.400803436217,-0.247059600772,2.76260450006,0.269236374421,-0.260352921056,2.84168982844,0.137669694092,-0.55774853626,2.74249968375,0.147763201817,-1.53351153862,2.84168878489,0.137664094113,-0.841850526004,2.82384349664,0.235113628784,-0.697920223638,2.7425012184,0.147763201822,-1.11571405327,2.841690872,0.137669327885,-0.27364624134,2.76799131579,0.294151768964,-0.474895299243
08-May-2018 09:55:35:000,2.75755311906,0.245102643098,-0.0489711428558,2.65771366158,0.478414272829,-0.574550167611,2.72327388608,0.406248467502,-1.53206273753,2.59410701307,0.494072150761,-0.880071296278,2.7239986961,0.406346950389,-0.679756587847,2.72399099655,0.406345516034,-1.11426586517,2.68679498093,0.402655895763,-0.245928860245,2.76322095678,0.269517077369,-0.259624163555,2.83964588907,0.136378625183,-0.557421746525,2.73544352813,0.149556068354,-1.53260892481,2.83964484552,0.136373025203,-0.84152373627,2.82348559536,0.233034327542,-0.697584345859,2.73544506279,0.14955606836,-1.11481156153,2.83964693263,0.136378258976,-0.273319451605,2.76848155126,0.294603858167,-0.474147315204
08-May-2018 09:55:35:000,2.75782558099,0.244761167658,-0.0490428296476,2.65575615051,0.473653492933,-0.577007985128,2.72407663172,0.402311397696,-1.5329327356,2.59283381613,0.492597719815,-0.882519472753,2.7246046645,0.402382749734,-0.68062634105,2.72459989463,0.402382017294,-1.11513561838,2.68532867505,0.401120642574,-0.246726675904,2.76380958067,0.269129719912,-0.259781941596,2.84228944273,0.137139148199,-0.556939456431,2.73535882156,0.14785687981,-1.531522987,2.84228839919,0.137133548219,-0.841041446175,2.82486157025,0.233768997513,-0.697303955405,2.73536035622,0.147856879816,-1.11372562372,2.8422904863,0.137138781992,-0.272837161511,2.76927134902,0.293602792953,-0.474373544912
08-May-2018 09:55:36:000,2.75792103638,0.245782621866,-0.0490000443537,2.65562724768,0.477758839139,-0.571969593541,2.72501045037,0.409352660892,-1.53113012673,2.59923373263,0.49228036051,-0.878983180344,2.72539566096,0.409404450637,-0.67882360958,2.72539235593,0.409404084414,-1.11333288691,2.68894219348,0.404792958094,-0.244950001555,2.76246216676,0.270102005002,-0.259300491334,2.83598109648,0.135411418118,-0.557753276033,2.7445116288,0.151208048684,-1.53492170226,2.83598005294,0.135405818138,-0.841855265777,2.82114623665,0.233986406352,-0.697513292344,2.74451316346,0.15120804869,-1.11712433898,2.83598214005,0.135411051911,-0.273650981113,2.76786655778,0.295898716748,-0.473734471148
08-May-2018 09:55:36:000,2.75690346313,0.244725779139,-0.0487288614167,2.6546641207,0.475176346588,-0.572432541663,2.72490107283,0.410635192229,-1.53053808531,2.59377817413,0.490605688371,-0.87850690298,2.72518227956,0.410672821436,-0.67823144571,2.7251799511,0.410672638322,-1.11274072305,2.68927837669,0.404987783547,-0.244325857282,2.76239380784,0.270108169302,-0.259172073114,2.83550819541,0.135228951781,-0.558120583866,2.74614079357,0.147755051739,-1.53446174731,2.83550715187,0.135223351802,-0.84222257361,2.820326408,0.235155394429,-0.697550642848,2.74614232822,0.147755051745,-1.11666438403,2.83550923898,0.135228585574,-0.274018288946,2.76757407581,0.296511142432,-0.473531558697
08-May-2018 09:55:36:000,2.7571397927,0.244395869729,-0.0486672320358,2.65655548011,0.474449455342,-0.5726196824,2.7268109849,0.411127936061,-1.53005664701,2.59355820417,0.490666875307,-0.878243413403,2.72701675222,0.411155311084,-0.677750007136,2.72701466789,0.411155219524,-1.11225928448,2.68996563368,0.405153862732,-0.24385227277,2.76291333997,0.270212663398,-0.258825944651,2.8358600027,0.135271815012,-0.557901896193,2.74196257949,0.147225983657,-1.53265460305,2.83585895915,0.135266215032,-0.842003885937,2.82138255664,0.236594073235,-0.6971200437,2.74196411415,0.147225983663,-1.11485723977,2.83586104626,0.135271448805,-0.273799601273,2.7685564972,0.297043677779,-0.473130469776
08-May-2018 09:55:36:000,2.75716373148,0.243499141301,-0.0460256000436,2.65525250284,0.47552614123,-0.571202319215,2.72623532505,0.405840641466,-1.52888037537,2.59472861287,0.492028055144,-0.877278390846,2.72638616075,0.405860569998,-0.676573674254,2.72638432057,0.405860508956,-1.11108301263,2.68864753155,0.402713763896,-0.242724002548,2.76337087386,0.268614093301,-0.256515521527,2.8380931726,0.134514804172,-0.554409350685,2.74337102251,0.149735372986,-1.53130060432,2.83809212906,0.134509204192,-0.838511340429,2.82310694761,0.232284310892,-0.694425225816,2.74337255717,0.149735372992,-1.11350324104,2.83809421617,0.134514437965,-0.270307055765,2.76905871402,0.293843270688,-0.471007485781
08-May-2018 09:55:36:000,2.75752845928,0.243780423159,-0.0507227144205,2.65504499958,0.469334734217,-0.572965990328,2.72594746454,0.406907870633,-1.53290747392,2.59866145507,0.495313378428,-0.879201012714,2.72605801706,0.406922397406,-0.680600772658,2.72605642102,0.406922366883,-1.11511011103,2.68721075227,0.401681165845,-0.246944975053,2.76402002729,0.268763906476,-0.260855550767,2.84082825875,0.135847013315,-0.558868467177,2.74154532281,0.150910186226,-1.53451226754,2.84082721521,0.135841413335,-0.842970456921,2.8258867102,0.23417032269,-0.69868036298,2.74154685746,0.150910186232,-1.11671490426,2.84082930232,0.135846647108,-0.274766172257,2.76999619546,0.294655133262,-0.475248059293
08-May-2018 09:55:36:000,2.75722791456,0.24308114227,-0.053495174254,2.65728886092,0.475273219022,-0.576594050328,2.72303607492,0.40795131697,-1.53531346908,2.59538068617,0.494191662275,-0.882278515312,2.72311757472,0.407961876351,-0.683006828751,2.72311597867,0.407961876346,-1.11751610609,2.68561821494,0.401417121909,-0.249395271328,2.76305199964,0.268874285001,-0.263487718842,2.84048474078,0.13633179904,-0.561682430759,2.73128385173,0.149314781102,-1.5351447982,2.84048369723,0.136326199061,-0.845784420503,2.82488816609,0.233761887015,-0.701528381773,2.73128538639,0.149314781108,-1.11734743492,2.84048578434,0.136331432833,-0.277580166357,2.76852743502,0.294868079527,-0.477877662052
08-May-2018 09:55:36:000,2.75777135361,0.245093336038,-0.0563768290822,2.65413556192,0.475564131512,-0.570501753589,2.72332392519,0.402209466221,-1.53874681975,2.60194636356,0.497732579947,-0.877767369995,2.72338418477,0.402217156872,-0.686439996235,2.72338258873,0.402217156866,-1.12094933461,2.68356474048,0.400156250109,-0.252742508048,2.76266991333,0.268489212796,-0.265568985749,2.84177404262,0.136822541691,-0.562497743112,2.73372060357,0.151100602431,-1.53764456301,2.84177299908,0.136816941712,-0.846599732856,2.82538181794,0.232446657505,-0.702978334758,2.73372213823,0.151100602436,-1.11984719973,2.84177508619,0.136822175484,-0.278395448192,2.76852645734,0.292910559992,-0.480139075623
08-May-2018 09:55:36:000,2.75847445998,0.247351517332,-0.0591921697997,2.6510500844,0.481164492493,-0.572604586494,2.71294376534,0.409624314567,-1.54028901795,2.59440462137,0.494305245116,-0.879598824226,2.71298839992,0.409629929965,-0.687982255412,2.71298680388,0.409629929959,-1.12249153275,2.68228103041,0.404140132112,-0.253839076208,2.75905660967,0.271327853089,-0.268831057438,2.83583114537,0.13851597079,-0.567925333587,2.73031774816,0.151484394252,-1.54362453098,2.83583010182,0.13851037081,-0.852027323332,2.81394844169,0.23498099356,-0.707696859655,2.73031928282,0.151484394258,-1.12582704563,2.83583218894,0.138515604582,-0.283823038667,2.76126251524,0.29681666124,-0.483335307486
08-May-2018 09:55:36:000,2.73483991912,0.255367192846,-0.0564503990253,2.63731815063,0.485210371008,-0.568607954022,2.698019662,0.420995963849,-1.53737734204,2.58520225335,0.490575688608,-0.876642857807,2.69805013643,0.420999656588,-0.685070701517,2.69804854039,0.420999656582,-1.11957997886,2.66006543427,0.411666600803,-0.251749639137,2.73934394078,0.280249167399,-0.266011008223,2.81862140372,0.148832100202,-0.564374672228,2.7377229845,0.163837815008,-1.54137040779,2.81862036018,0.148826500222,-0.848476661972,2.80345451718,0.246274030575,-0.704031843082,2.73772451916,0.163837815014,-1.12357292244,2.81862244729,0.148831733995,-0.280272377308,2.74504813379,0.30694300549,-0.480281140261
08-May-2018 09:55:37:000,2.70468779044,0.265248643371,-0.0544835371719,2.61704393319,0.491595977689,-0.575157928379,2.68062657723,0.425450917051,-1.5379202469,2.55587096331,0.483401081357,-0.881425892157,2.68064972745,0.425453602683,-0.685613484282,2.68064813141,0.425453602677,-1.12012276162,2.63107394904,0.418350973071,-0.253273427909,2.71575797294,0.290072719679,-0.264445949663,2.80044095328,0.161794847752,-0.559720735819,2.68427367767,0.132110506861,-1.53061191068,2.80043990973,0.161789247773,-0.843822725563,2.79213320389,0.256580171851,-0.700321657453,2.70824070451,0.153728545337,-1.11406304852,2.80044199685,0.161794481545,-0.275618471416,2.72607471931,0.315544803473,-0.478706760265
08-May-2018 09:55:37:000,2.67114890911,0.277707046787,-0.0591668856566,2.59289127967,0.504873507379,-0.579747561342,2.66316754367,0.431817185928,-1.54494581753,2.53430139679,0.475999909598,-0.885134614197,2.66318507865,0.431819139117,-0.692639054896,2.66318348261,0.431819139112,-1.12714833224,2.60259536131,0.429598884821,-0.261654457335,2.687391948,0.301112898688,-0.269236189707,2.77218749111,0.172627263503,-0.560920155964,2.67086918735,0.127285994733,-1.52163456652,2.77218644757,0.172621663523,-0.845022145708,2.77481017499,0.262681884343,-0.70261950642,2.67384336834,0.129967707318,-1.10385625713,2.77218853468,0.172626897296,-0.276817861044,2.70319478741,0.324181712838,-0.483432719924
08-May-2018 09:55:37:000,2.62980341614,0.283733475727,-0.0623936930147,2.56704382928,0.506599242514,-0.588443694426,2.37494901302,0.412916438521,-1.50412896295,2.50040566984,0.463711973813,-0.890616850531,2.64242920186,0.433420106578,-0.695779359515,2.52110152693,0.425465254178,-1.11292991483,2.56436852415,0.432035695089,-0.267527607936,2.65332649273,0.306270457884,-0.271042766238,2.74228341774,0.180505586887,-0.55866021946,2.50049224906,-0.0101407327817,-1.45562600612,2.7422823742,0.180499986907,-0.842762209204,2.75833359553,0.269558776946,-0.700359314062,2.62089475335,0.119014708262,-1.08337071108,2.74228446131,0.18050522068,-0.27455792454,2.67685394571,0.328879949823,-0.484556066772
08-May-2018 09:55:37:000,2.59660763798,0.279394608675,-0.0605744335065,2.52397335213,0.498251763751,-0.575150384364,2.44118623827,0.40764455658,-1.53102642305,2.4546075212,0.430582594161,-0.871692854179,2.61198419142,0.415906933224,-0.697525707645,2.54909297044,0.41408767145,-1.12745565242,2.52873305437,0.421650157699,-0.270215862049,2.62145201354,0.298532700422,-0.26992390526,2.71416992914,0.175415578835,-0.553734212873,2.40066645786,-0.0215491347407,-1.42986379862,2.7141688856,0.175409978855,-0.837836202617,2.73261954684,0.255720608763,-0.697145840703,2.56263969463,0.113373396256,-1.07043495022,2.71417097271,0.175415212628,-0.269631948471,2.64687694133,0.317173235708,-0.483629839717
08-May-2018 09:55:37:000,2.55843607919,0.261753812945,-0.0585948621419,2.4759235675,0.472954925877,-0.594986633648,2.19262484103,0.3820595066,-1.45578844948,2.38120382624,0.341275867014,-0.863597796953,2.57295081052,0.401498952932,-0.69386650665,2.37905903927,0.391588633794,-1.082297313,2.48816819703,0.402143538969,-0.26683573868,2.58389593478,0.281326446748,-0.267097320775,2.67962262896,0.160509735993,-0.551461136755,2.33936921262,-0.0314761024519,-1.40765666428,2.67962158542,0.160504136014,-0.835563126499,2.6974821483,0.244329122274,-0.694206746792,2.52150963857,0.10614866632,-1.05836045832,2.67962367253,0.160509369786,-0.267358841835,2.6095562071,0.302120242175,-0.480566958489
08-May-2018 09:55:37:000,2.5384681592,0.229127656225,-0.06465181089,2.4236189864,0.413112814806,-0.625862662225,2.32797412941,0.396553595074,-1.52868421032,2.31648887745,0.232409525176,-0.868128748206,2.51810858385,0.381330782735,-0.698112215848,2.42662068222,0.384951387843,-1.1228653588,2.45900398973,0.374752318561,-0.267183287804,2.55071779421,0.251140900073,-0.274935913504,2.64243055512,0.127529855421,-0.566790834125,2.4051748499,0.0441257322838,-1.47227702319,2.64242951158,0.127524247812,-0.850892823869,2.64015163063,0.216841607,-0.708428643139,2.42990507585,0.0616645804474,-1.0555810691,2.64243159869,0.127529481585,-0.282688539205,2.56492395072,0.27511354747,-0.489103171499
08-May-2018 09:55:37:000,2.4823137702,0.173659203498,-0.0787355432214,2.37278055776,0.363279223525,-0.622768481344,2.36575228616,0.349328727738,-1.5539737778,2.24840534694,0.150488269841,-0.826487934155,2.48475348717,0.333979433408,-0.71063485944,2.43774968707,0.338399823497,-1.14257169851,2.41715597036,0.327672391895,-0.280189298638,2.50086393054,0.198572845855,-0.289324249667,2.58457084716,0.069473673652,-0.582561556652,2.37086401994,-0.0106070521335,-1.47114518329,2.58456980362,0.0694680660432,-0.866663546396,2.59032240228,0.171164193131,-0.722155571922,2.37390363256,-0.00845215662996,-1.05336431066,2.58457189073,0.0694732998155,-0.298459261732,2.51920093763,0.225572333377,-0.502859747933
08-May-2018 09:55:37:000,2.43899394796,0.099222765078,-0.0861692830236,2.32200612555,0.302842086336,-0.621681014565,2.33747848415,0.384821238628,-1.55124845422,2.17228375802,0.0698572834435,-0.776065230227,2.43827758905,0.285764541012,-0.710908858646,2.39305856003,0.330711182775,-1.14071508904,2.38378094765,0.268742185073,-0.278834836444,2.45234437531,0.131857213531,-0.296104680575,2.52090675939,-0.00502737797551,-0.597476850144,2.2983453899,-0.0625530735145,-1.47714101066,2.52090571585,-0.00503298320014,-0.881578839888,2.52417218245,0.11427820796,-0.732544122883,2.29872607395,-0.0622843572114,-1.05934389292,2.52090780296,-0.0050277503815,-0.313374555224,2.46678463053,0.165939297823,-0.50891558567
08-May-2018 09:55:37:000,2.39999210889,0.017521572011,-0.0703534506737,2.27237270444,0.234700805999,-0.589651657445,2.25884696523,0.401826198822,-1.51440282847,2.10357230463,0.00225450724805,-0.718251684377,2.38395781212,0.227734739434,-0.689598112242,2.32405312133,0.311670646101,-1.11169347326,2.33384697783,0.192371823432,-0.258193234568,2.41102486955,0.0608519729495,-0.280411047354,2.48820171771,-0.0706674960674,-0.586731185577,2.07523994183,-0.156061133323,-1.36562151439,2.48820067416,-0.0706731036762,-0.870833175321,2.48110480187,0.0621849787806,-0.717564655605,2.22341259634,-0.0922146188998,-1.02309520319,2.48820276127,-0.0706678699039,-0.302628860139,2.42177808827,0.102905914121,-0.49199620038
08-May-2018 09:55:37:000,2.36255390717,-0.0562590029771,-0.0693092915481,2.2018617661,0.180109864014,-0.564711090826,2.14046725317,0.308288044262,-1.49499004012,2.04113946009,-0.0755188391465,-0.658524282195,2.34382325475,0.183362689545,-0.677275210913,2.25218502397,0.24060415897,-1.09813644658,2.29742830847,0.127392044883,-0.248045700892,2.3728422606,-0.00397396915284,-0.276527789424,2.44825516917,-0.135339609352,-0.58911214236,2.15586538633,-0.089011749644,-1.50988865625,2.44825412563,-0.135345209332,-0.873214132104,2.44149806062,0.0132195355976,-0.714164729847,2.28221336971,-0.0478329522592,-1.11378877855,2.44825621274,-0.13533997556,-0.305009877957,2.38275145915,0.0471585707555,-0.486123864643
08-May-2018 09:55:38:000,2.33005192654,-0.114753030292,-0.0688267960622,2.12748391077,0.118539819996,-0.539572695061,1.95765001308,0.231005466608,-1.43371898285,1.97423103471,-0.15108341597,-0.595200672168,2.30669768896,0.149887684401,-0.66538548714,2.12875176232,0.191241767097,-1.05708496779,2.26191608615,0.07405042274,-0.239083641126,2.3405441173,-0.0540788393778,-0.273125296518,2.41917110489,-0.182207727659,-0.591269201055,2.2279621109,-0.0658382060092,-1.54095959979,2.41917006134,-0.182213327639,-0.875371190799,2.40890809916,-0.0166708352719,-0.709637083281,2.32303919733,-0.0416336865443,-1.13484495879,2.41917214846,-0.182208093866,-0.307166906135,2.34917350568,0.00626479450061,-0.480318290865
08-May-2018 09:55:38:000,2.30202791262,-0.157180554801,-0.0687852349938,2.05093200658,0.0519763979352,-0.51305703301,1.92791841592,0.207359986915,-1.43223925939,1.90483239244,-0.228435355456,-0.528903969497,2.26819245596,0.118426849603,-0.659251739745,2.09471940636,0.163765293212,-1.05332385645,2.23033446568,0.0338835434283,-0.23388430637,2.31133625531,-0.091854608133,-0.27120270388,2.39233700137,-0.217592378228,-0.592623411569,2.25825920898,-0.0705377788648,-1.55139318275,2.39233595783,-0.217597978208,-0.876725401313,2.37354248774,-0.0451064243142,-0.707787527106,2.3288053454,-0.0561071341447,-1.13984766551,2.39233804494,-0.217592744436,-0.308521116649,2.31610186358,-0.0275971977442,-0.477361168653
08-May-2018 09:55:38:000,2.28696309429,-0.190621207671,-0.0687181172793,1.98693988621,-0.0112109651884,-0.49150290391,2.02904284271,0.147023917325,-1.48246350779,1.84997048522,-0.295103556243,-0.487363362703,2.24130001343,0.0800809103675,-0.660681389498,2.15172070889,0.110011092799,-1.08480172696,2.20487390873,-0.00455317271342,-0.235185238238,2.29280805954,-0.125869408552,-0.271312193927,2.38074116678,-0.247185285813,-0.591541459795,1.94727504571,-0.27082262021,-1.42817585392,2.38074012324,-0.247190885792,-0.875643449539,2.35566370165,-0.0776981876797,-0.707666672859,2.16495605558,-0.159205304509,-1.08948536933,2.38074221035,-0.24718565202,-0.307439164875,2.29564495854,-0.0623390255114,-0.477743112553
08-May-2018 09:55:38:000,2.26073344695,-0.220219601137,-0.0740898318451,1.92740798598,-0.0763322222987,-0.467781036066,2.09619870945,0.0939926774906,-1.50690491658,1.79561439703,-0.366763790085,-0.461801212357,2.23124126832,0.0474126605288,-0.668090593273,2.18562023525,0.0643756734955,-1.09986520597,2.17371262588,-0.0407136036427,-0.245727299069,2.27318705529,-0.154494793429,-0.275570666777,2.37266044114,-0.268275617009,-0.589516344663,2.00245768974,-0.352478270785,-1.43605679392,2.3726593976,-0.268281232247,-0.873618334408,2.36060641539,-0.100557864959,-0.706901432225,2.19155168857,-0.209232733674,-1.09213976389,2.37266148471,-0.268275983216,-0.305414049743,2.28455544857,-0.0905336921001,-0.481533355022
08-May-2018 09:55:38:000,2.23954284957,-0.242551496602,-0.0756093768102,1.8842075995,-0.13391898224,-0.444481347352,2.13117049986,0.0527583432108,-1.5179944005,1.76088124301,-0.424882356388,-0.453378568905,2.21946327537,0.020708492815,-0.672138706748,2.1962167755,0.0298066568613,-1.10593030837,2.14848272932,-0.0702673614786,-0.25243831174,2.25637683086,-0.177445630323,-0.277204180468,2.36426988884,-0.284623517702,-0.586072344116,1.93184952602,-0.422037886833,-1.37525160292,2.3642688453,-0.28462913294,-0.87017433386,2.35979325894,-0.118690222682,-0.704349854531,2.14813477456,-0.260976698085,-1.05613618644,2.36427093241,-0.284623883909,-0.301970049196,2.27300254901,-0.113218243814,-0.482724230554
08-May-2018 09:55:38:000,2.24156121732,-0.26408334954,-0.0815696503371,1.87410311435,-0.156377576485,-0.431790941583,1.91478129731,0.222390120544,-1.42636860566,1.74373065906,-0.440864658155,-0.455525295458,2.21518573808,0.00294046410209,-0.67613270959,2.06203841441,0.114816778392,-1.05860596297,2.14167420963,-0.0968092718639,-0.258815545032,2.25649284988,-0.196868939223,-0.282412097154,2.37131044655,-0.296928240376,-0.590110944196,1.83765731015,-0.448679773348,-1.28997842978,2.37130940301,-0.296933855614,-0.874212933941,2.36451081038,-0.127189839143,-0.70682063602,2.09591876764,-0.291086661614,-1.0041168296,2.37131149012,-0.296928606583,-0.306008649276,2.27317056205,-0.12949680765,-0.486944384979
08-May-2018 09:55:38:000,2.23283567994,-0.276728492674,-0.0809929886475,1.88000063085,-0.161512015272,-0.421799386097,2.03522883279,0.14862118431,-1.49313931176,1.73766421548,-0.436843897968,-0.461669163556,2.21539501446,-0.0105218688085,-0.676564534089,2.14093178013,0.0595271588207,-1.09887566194,2.13740349626,-0.107992629531,-0.259495705126,2.24955711091,-0.211184333352,-0.282557152244,2.36170968199,-0.314375693855,-0.589720894282,1.97356340397,-0.296516005093,-1.44619633622,2.36170863845,-0.314381309093,-0.873822884026,2.36127381527,-0.144743767964,-0.706560675399,2.19024058606,-0.200795894618,-1.10204027177,2.36171072556,-0.314376060062,-0.305618599362,2.26894576289,-0.144408581591,-0.487059878494
08-May-2018 09:55:38:000,2.23374634909,-0.287136234691,-0.0847001910892,1.87748770977,-0.16688327084,-0.422168486974,2.09742012508,0.0950997300118,-1.51121803141,1.73302639134,-0.440326428431,-0.466990527136,2.20815821336,-0.0128858861745,-0.674759575866,2.17200682953,0.0256138894816,-1.10604740695,2.13488620111,-0.117713700484,-0.258643797686,2.24795190978,-0.21931687709,-0.284298906601,2.36101657487,-0.320919672231,-0.594056340955,2.09272720309,-0.221781146603,-1.50962987941,2.36101553133,-0.320925287469,-0.878158330699,2.35522400592,-0.145042313136,-0.708129500833,2.26242540076,-0.164523626294,-1.13216626934,2.36101761844,-0.320920038438,-0.309954046035,2.26482150971,-0.149140484558,-0.487871722476
08-May-2018 09:55:38:000,2.22985815839,-0.290615680125,-0.0901128507572,1.87143242286,-0.174377860953,-0.426684913706,2.13818561148,0.0514903826812,-1.52609537842,1.72801358594,-0.448340607,-0.471743041681,2.20895143444,-0.0217355307828,-0.681379329756,2.19103033323,-0.00140220542099,-1.11504247194,2.1311747741,-0.124203124518,-0.265469070918,2.24598877772,-0.224415761255,-0.288660898902,2.36080173777,-0.324628047043,-0.595955021806,2.18134393505,-0.19391244341,-1.53931270003,2.36080069422,-0.324633662281,-0.88005701155,2.35830434153,-0.15209448688,-0.711547786073,2.30995170859,-0.159493422423,-1.14329498396,2.36080278133,-0.32462841325,-0.311852726886,2.26480833285,-0.15566538695,-0.49256221315
08-May-2018 09:55:38:000,2.22037943767,-0.295668998634,-0.0845367661352,1.8683897096,-0.178176791808,-0.427394558292,2.16089395607,0.0271556844467,-1.52521167277,1.72594181829,-0.452517006212,-0.473278251356,2.20752958153,-0.0230906690622,-0.676720877268,2.19852501779,-0.0125195732926,-1.11100819771,2.12445067532,-0.127028176682,-0.262217703445,2.23954373551,-0.22717899904,-0.284305559066,2.35463575212,-0.32732945519,-0.590495709607,2.23654380356,-0.177457269336,-1.54536148678,2.35463470857,-0.327335070428,-0.874597699351,2.35724333344,-0.153367714654,-0.705452933543,2.33234038425,-0.156466179541,-1.13923696072,2.35463679569,-0.327329821397,-0.306393414687,2.2609650965,-0.157704097356,-0.487696232236
08-May-2018 09:55:39:000,2.21669606019,-0.293565496539,-0.0900212344169,1.86620490393,-0.181135723173,-0.427962696018,2.18022723835,0.0125594152823,-1.53155097718,1.72522552118,-0.456234690728,-0.47387181562,2.21168727736,-0.0224089292418,-0.681215277306,2.20715563211,-0.0169277275494,-1.11566631047,2.12382076646,-0.12507059843,-0.267351856405,2.237933855,-0.226548389719,-0.288364238455,2.35204589997,-0.328025814801,-0.593478915425,2.2766653207,-0.168863600843,-1.55443609704,2.35204485642,-0.328031430039,-0.87758090517,2.36014127516,-0.154425412749,-0.708551149754,2.34735941145,-0.155806319075,-1.1428701946,2.35204694354,-0.328026181008,-0.309376620506,2.26192406563,-0.157482780357,-0.491623725993
08-May-2018 09:55:39:000,2.21585085546,-0.294518472055,-0.0882197939344,1.86579914284,-0.181411206841,-0.428064836862,2.18783909379,0.00339159656241,-1.53009372975,1.72576116236,-0.456761330606,-0.475309134482,2.20948220368,-0.0212231081789,-0.678819456218,2.20719055824,-0.018392389973,-1.11331352739,2.12184226194,-0.126271342697,-0.265530987321,2.23687722072,-0.226677208297,-0.286764136918,2.35191113595,-0.327082700062,-0.592099581434,2.30065015076,-0.160758440721,-1.55537429549,2.3519100924,-0.3270883153,-0.876201571179,2.3591061171,-0.151819062792,-0.70643701021,2.35255252162,-0.152454111889,-1.1408964588,2.35191217951,-0.327083066269,-0.307997286514,2.26058569056,-0.156599148799,-0.489696200325
08-May-2018 09:55:39:000,2.2154409225,-0.291575999196,-0.0909544878632,1.86405988949,-0.18419737656,-0.429636302641,2.19791796994,-0.00661053697862,-1.53499562224,1.72641570581,-0.460479071122,-0.478365197677,2.21135914474,-0.0222477289701,-0.683129521706,2.21043981978,-0.0210717946943,-1.11763629323,2.12275288421,-0.123870262081,-0.2691905976,2.23756641272,-0.224733342851,-0.289446756637,2.35237889766,-0.325596034525,-0.593805149559,2.32023216206,-0.159165473284,-1.55921176977,2.35237785411,-0.325601649763,-0.877907139303,2.36071206896,-0.153453410531,-0.709479313472,2.35822854344,-0.153763936011,-1.1431807814,2.35237994122,-0.325596400732,-0.309702885156,2.26180100978,-0.156291954393,-0.492875587113
08-May-2018 09:55:39:000,2.21554052848,-0.290506937551,-0.090808736276,1.84851720318,-0.198524658383,-0.433537429632,1.96950792263,0.356180940464,-1.40840738091,1.74068972375,-0.482232985976,-0.508262466905,2.21053687569,-0.0227381418415,-0.684553713021,2.09642958964,0.162210779841,-1.06081397504,2.11559615234,-0.129893046853,-0.273467762474,2.23813720342,-0.221897357478,-0.28935267304,2.36067721095,-0.313901301895,-0.589339848009,2.33245404488,-0.14736881279,-1.55857985665,2.3606761674,-0.313906917133,-0.873441837753,2.36985169232,-0.142352333258,-0.705205604368,2.36022485001,-0.143780087735,-1.14172180436,2.36067825451,-0.313901668102,-0.305237583607,2.26416574371,-0.152221297514,-0.492116165868
08-May-2018 09:55:39:000,2.21590207466,-0.286723733098,-0.0941288975162,1.85528403832,-0.194659155011,-0.432548288228,1.90002866236,0.432746053905,-1.33516908858,1.75318693661,-0.481690337532,-0.502144653923,2.21657638578,-0.0110873246742,-0.683979272315,2.05519909108,0.21518067539,-1.01595829381,2.11860369102,-0.12326735679,-0.274921020591,2.24042916669,-0.216220713317,-0.291550221742,2.36225359879,-0.309173726525,-0.592281748331,2.35447916835,-0.137048465163,-1.55452378521,2.36225255525,-0.309179341763,-0.876383738075,2.37499960192,-0.131964634295,-0.705603999743,2.3747568153,-0.134618550592,-1.13722576399,2.36225464236,-0.309174092732,-0.308179422893,2.26810858027,-0.143873352123,-0.493170928886
08-May-2018 09:55:39:000,2.21564449102,-0.280372293614,-0.0919368647098,1.85232873253,-0.200220216282,-0.433623198027,2.04132018601,0.31109557192,-1.45144634098,1.75396210522,-0.488827480681,-0.503258029573,2.21806292823,0.000649771850755,-0.680360198186,2.14684462822,0.136138531554,-1.08701618659,2.11528727111,-0.119380871474,-0.274753497423,2.24111151479,-0.207240791377,-0.289362541143,2.3669347149,-0.295100345072,-0.588073940819,2.43679241465,-0.0916404708542,-1.23947696842,2.36693367135,-0.29510596031,-0.872175930563,2.38169902034,-0.113613359991,-0.699359517515,2.40978610253,-0.102411466966,-0.974713563558,2.36693575846,-0.295100711279,-0.303971645899,2.27049624454,-0.131861288909,-0.489611214756
08-May-2018 09:55:39:000,2.20589006932,-0.270080062598,-0.0890413821026,1.85361680992,-0.195682583376,-0.431411807494,2.12574958275,0.211933314907,-1.49683532298,1.75584746948,-0.484488148804,-0.502109507446,2.22974479792,0.00437588135004,-0.680738659065,2.19739286337,0.077336753421,-1.10785499531,2.11472301476,-0.107925337658,-0.27619340624,2.23850480486,-0.199173631762,-0.286870313551,2.36228555139,-0.290421529141,-0.5816495463,2.22019451372,-0.17967784941,-1.52705783785,2.36228450784,-0.29042714438,-0.865751536044,2.39073444065,-0.114301055684,-0.694624931563,2.30767219508,-0.143785743418,-1.12010076172,2.36228659495,-0.290421895349,-0.297547220862,2.27437221207,-0.127068107557,-0.487276054433
08-May-2018 09:55:39:000,2.2048421739,-0.253077228313,-0.0839781458317,1.84032536263,-0.211129592648,-0.431447372686,1.94472892721,0.402239473713,-1.37997650375,1.75502191282,-0.502410515118,-0.518707618427,2.23476796478,0.011280665884,-0.681046294703,2.09732304898,0.203081358074,-1.04590199102,2.11125861523,-0.0979407388723,-0.278203494833,2.23967541583,-0.183038922872,-0.282528673564,2.36809117287,-0.268136748295,-0.57095608618,1.84075918487,-0.349743909903,-1.23897331422,2.36809012933,-0.268142363533,-0.855058075924,2.40175663185,-0.0993779347529,-0.686670565312,2.1157582637,-0.227015482782,-0.968236653453,2.36809221644,-0.268137114502,-0.28685379126,2.27896885708,-0.113543783422,-0.483193551786
08-May-2018 09:55:39:000,2.2151135905,-0.23221345157,-0.0815652196938,1.85475370326,-0.192188743751,-0.446854591212,2.0767830622,0.297014952671,-1.46945623686,1.75847380118,-0.488439677243,-0.509075001712,2.24146468308,0.0266201909097,-0.681781792935,2.18044614685,0.137703214915,-1.09739655904,2.11981738829,-0.0796155350097,-0.277528172267,2.24900786864,-0.163627633709,-0.281283254963,2.37819730542,-0.247639350943,-0.56914063258,1.8542183622,-0.383471338492,-1.25340439394,2.37819626188,-0.247644950922,-0.853242622324,2.40950022277,-0.08265246533,-0.686665955084,2.12641525215,-0.236011094882,-0.975591428927,2.37819834899,-0.24763971715,-0.28503833766,2.28724516078,-0.0958218825987,-0.482753549228
08-May-2018 09:55:39:000,2.23678217463,-0.199011925443,-0.0802285530716,1.89588328346,-0.13338179946,-0.470431646587,2.00951014615,0.466228816893,-1.39090923683,1.7617619808,-0.408718046512,-0.470315309201,2.24754708816,0.0564090544994,-0.683152542816,2.13533625713,0.256711426293,-1.05205093436,2.13915467344,-0.0438758323268,-0.273694380993,2.2650033556,-0.132442363773,-0.282361408201,2.39085099419,-0.2210085519,-0.575130730329,1.87064704651,-0.386828700021,-1.2640112658,2.39084995065,-0.221014151879,-0.859232720073,2.41122325111,-0.0587788246624,-0.694424689441,2.13563539646,-0.226019926371,-0.984802217189,2.39085203776,-0.221008918107,-0.291028435409,2.29719426262,-0.0668136291955,-0.485575027424
08-May-2018 09:55:40:000,2.26736579045,-0.157794314324,-0.0728808413153,1.97258862585,-0.0482161048026,-0.51271610803,2.08495756551,0.390552977083,-1.45796627666,1.78908166791,-0.28343266784,-0.482054697884,2.2621377937,0.0888475732127,-0.681958138403,2.18488457628,0.228194335345,-1.08620162906,2.17223021729,0.00289729179128,-0.264965620651,2.29067412573,-0.0945761348349,-0.279425406304,2.40911699061,-0.192049195254,-0.577987486877,1.96297693247,-0.204931327182,-1.40029053562,2.40911594706,-0.192054795233,-0.862089476622,2.41619287781,-0.0379319436149,-0.700765344903,2.20408042632,-0.105294302643,-1.07395292026,2.40911803417,-0.192049561461,-0.293885191957,2.31491973074,-0.0345591619254,-0.485393573979
08-May-2018 09:55:40:000,2.31876162231,-0.101598530748,-0.0613967313974,2.04933301986,0.0391294987511,-0.555785115515,2.19526430863,0.321958320006,-1.49865625703,1.84527950897,-0.165369167956,-0.572892398209,2.29677171858,0.121038709952,-0.679256971676,2.26245712924,0.196928613815,-1.10570923821,2.2219278131,0.0552383099124,-0.255665082986,2.33556314403,-0.0477148592608,-0.271182376611,2.4491974314,-0.150667654597,-0.570801965156,2.13542748659,-0.0876699515476,-1.48444021692,2.44919638786,-0.150673254577,-0.8549039549,2.44459293716,-0.0128865626536,-0.699442451175,2.32675504663,-0.0319136545083,-1.11723486501,2.44919847497,-0.150668020805,-0.286699670236,2.35312273595,0.0031806062405,-0.48026602876
08-May-2018 09:55:40:000,2.37696156735,-0.0267765052915,-0.0547104064824,2.1575033923,0.148940633694,-0.589172964021,2.27807316209,0.297259161289,-1.51911810906,1.96488279656,-0.00545599364209,-0.707689590469,2.3397532417,0.163330722691,-0.68224876774,2.32370829451,0.203091726377,-1.11463744172,2.2822688725,0.126207220523,-0.252536337347,2.38647845869,0.013746806949,-0.267624488683,2.4906870013,-0.0987132404177,-0.56681493494,2.05587397644,0.0428580612906,-1.36571641396,2.49068595776,-0.0987188480265,-0.850916924684,2.4752956991,0.0170565356588,-0.701873533192,2.26147263031,0.0302102607409,-1.04030322874,2.49068804487,-0.0987136142542,-0.28271264002,2.39700146454,0.0519702190155,-0.479842819575
08-May-2018 09:55:40:000,2.43001642527,0.0557678294525,-0.0587015681618,2.26217497508,0.275511544298,-0.608622201042,2.02970754307,0.297707803435,-1.45722217723,2.11182241055,0.149174734087,-0.808357915856,2.38841630117,0.232062407788,-0.687189620319,2.21561125342,0.265169820525,-1.08448128294,2.34712938957,0.212182831084,-0.25443405179,2.43581460196,0.0873989084899,-0.270882543441,2.52449877079,-0.0373846402675,-0.571433345271,2.17908581643,-0.198473090133,-1.42781549935,2.52449772724,-0.0373902440616,-0.855535335015,2.5036936739,0.0698622239246,-0.708570170707,2.33820723381,-0.0669361592105,-1.07524418442,2.52449981435,-0.037385014104,-0.287331050351,2.44093479475,0.119180612173,-0.484381219477
08-May-2018 09:55:40:000,2.49126386894,0.138995433273,-0.0732244066628,2.34801531893,0.362400714588,-0.584981281001,2.11656744297,0.28677199578,-1.49142086054,2.26141903892,0.323395269549,-0.847504400416,2.43900584975,0.296130449449,-0.703477647942,2.2924906838,0.293825681533,-1.112533079,2.40809462003,0.291340449431,-0.269393977267,2.49175348611,0.162722623182,-0.283991574601,2.57541130863,0.0341051707686,-0.582691466854,2.20593601492,-0.216001449148,-1.41789250228,2.57541026509,0.0340995669745,-0.866793456598,2.54781498823,0.128846181158,-0.722463765392,2.37352380438,-0.0469584751641,-1.07699602313,2.5754123522,0.0341047969321,-0.298589171934,2.49258195255,0.187605469243,-0.498481140634
08-May-2018 09:55:40:000,2.53882756106,0.214689760816,-0.0717771631621,2.41541544493,0.423414023686,-0.596011496838,2.28062420747,0.344049148687,-1.53335139479,2.35450891323,0.423276928626,-0.872232647629,2.48720097091,0.343046550552,-0.708652812767,2.41102678433,0.345185766599,-1.13642755738,2.45564172206,0.357092577207,-0.274763902895,2.53864167703,0.227496553347,-0.283689866949,2.62164058843,0.097900926211,-0.576718186958,2.20120351296,-0.12275047471,-1.41291079544,2.62163954488,0.0978953186022,-0.860820176702,2.59513367621,0.174520473011,-0.720260142817,2.3943065198,0.0229706020301,-1.07337610436,2.62164163199,0.0979005523745,-0.292615892038,2.5399045003,0.243140036379,-0.49907317237
08-May-2018 09:55:40:000,2.55768018451,0.266034236194,-0.0639238998928,2.47357296367,0.474629966071,-0.598183646498,2.40112843185,0.37870123317,-1.5450205386,2.42151209346,0.483164503845,-0.877069197457,2.53611858772,0.375415565686,-0.705632118428,2.49699125853,0.37738194418,-1.1383717208,2.48310371181,0.403337093364,-0.274380306259,2.56725091085,0.274208526721,-0.27541271984,2.65139706632,0.145080326284,-0.560547458858,2.39060039417,0.0349863354871,-1.47946581243,2.65139602278,0.145074726305,-0.844649448602,2.64411333222,0.209691597138,-0.706957161109,2.44116988017,0.0746330819084,-1.06663958216,2.65139810989,0.145079960077,-0.27644513342,2.57868343541,0.283381054066,-0.490853679804
08-May-2018 09:55:40:000,2.6048739182,0.30702189734,-0.053963608768,2.51500867349,0.497431998156,-0.597484396845,2.47669428288,0.398785586667,-1.54316156324,2.44646954396,0.494059431944,-0.884966505928,2.56690980466,0.395445341875,-0.697259672937,2.54686694603,0.396679673771,-1.13130476533,2.52522984342,0.436037046686,-0.265935728332,2.60948666881,0.306960268776,-0.264954409404,2.69374245063,0.177883872331,-0.548075385397,2.31556390869,-0.00447614411707,-1.41554231903,2.69374140708,0.177878272351,-0.832177375141,2.67636110884,0.227772159926,-0.695984928487,2.47019474846,0.0957206976781,-1.05482169561,2.69374349419,0.177883506124,-0.263973090477,2.61556106278,0.309284509838,-0.480788355058
08-May-2018 09:55:40:000,2.61020272983,0.332072148847,-0.0413808036351,2.54002645008,0.528785697229,-0.578566458955,2.53952089884,0.41733397418,-1.53664507038,2.47064830651,0.499232036627,-0.865744121597,2.60103892047,0.414499574904,-0.687621614707,2.59077706843,0.415191035013,-1.12200915026,2.5467258636,0.463361985265,-0.258640549723,2.62569194646,0.331107239922,-0.252953644955,2.70465698575,0.198852845528,-0.531369065625,2.33288015204,-0.0127332597713,-1.40168288556,2.70465594221,0.198847245548,-0.81547105537,2.70372268481,0.242522001032,-0.680226606141,2.51188686079,0.11068558776,-1.04702826965,2.70465802932,0.198852479321,-0.247266740188,2.63903637455,0.32980901013,-0.468438862431
08-May-2018 09:55:40:000,2.6189753949,0.347661567058,-0.036681617109,2.55960332086,0.534801699315,-0.581676150006,2.58989802095,0.44109078154,-1.53334886871,2.48063539783,0.491710955148,-0.864887896075,2.63255081184,0.438836482646,-0.682755519519,2.62729652901,0.439206092252,-1.11723291721,2.57539937471,0.487802581311,-0.254037597185,2.63803565214,0.347112839462,-0.249013138539,2.700670886,0.206423448562,-0.528090974812,2.41607933852,0.0252894609978,-1.43891134059,2.70066984245,0.206417848582,-0.812192964556,2.71395189805,0.255998356965,-0.676225789222,2.56174802225,0.13816877262,-1.06492078679,2.70067192957,0.206423082355,-0.243988679892,2.65564350354,0.347265125819,-0.464251881196
08-May-2018 09:55:41:000,2.64682645911,0.351267290698,-0.0358032404078,2.57885673125,0.533182446306,-0.585359265161,2.40608066784,0.4041679872,-1.49572050797,2.50390097999,0.497450969806,-0.870810100675,2.64431811102,0.450019143057,-0.681046883544,2.49889782206,0.408476586194,-1.08838637624,2.59530928151,0.492419780909,-0.25086690921,2.6610026741,0.353117165768,-0.248196892945,2.72669502312,0.213814901576,-0.529629156342,2.46939063499,0.0637399360572,-1.46225089188,2.72669397958,0.213809301596,-0.813731146086,2.73153169398,0.265082695831,-0.677502220984,2.59784774031,0.162410726511,-1.07755458638,2.72669606669,0.213814535369,-0.24552687668,2.6744637883,0.355334042606,-0.463735714975
08-May-2018 09:55:41:000,2.67714070038,0.346021552439,-0.0322573770267,2.59475957563,0.528927682943,-0.586250131681,2.50910688465,0.425101684729,-1.51572576921,2.54407426869,0.504433173035,-0.877752570017,2.65326931162,0.447070140293,-0.676175456462,2.57708226727,0.42742056845,-1.10350177574,2.60977905769,0.485126651687,-0.244652332234,2.68460767677,0.350381443148,-0.244888965735,2.75943525228,0.215636570299,-0.529227909416,2.62696751806,0.161606100197,-1.50309485448,2.75943420873,0.21563097032,-0.81332989916,2.74947600155,0.273828611354,-0.67647970389,2.64316724736,0.174048420444,-1.08579706242,2.75943629585,0.215636204092,-0.245125599237,2.69299016668,0.355415409486,-0.460608280585
08-May-2018 09:55:41:000,2.69529748076,0.32909107714,-0.0377289708197,2.60727623051,0.52827361515,-0.572389581954,2.58159166395,0.438475486137,-1.52521395051,2.57778591283,0.521283455556,-0.867919502929,2.67056739325,0.449317304662,-0.677759992658,2.63126725539,0.439726767238,-1.11038210172,2.62349614433,0.47181032634,-0.245547432668,2.70400833023,0.340481764655,-0.249699065074,2.78451947256,0.209153584436,-0.537952977141,2.69803690282,0.196847938398,-1.52102687823,2.78451842901,0.209147984456,-0.822054966885,2.77369494474,0.281099482786,-0.683077754277,2.7000481974,0.198391540147,-1.10323709069,2.78452051613,0.209153218229,-0.25385069748,2.71306974961,0.352845079189,-0.4650589769
08-May-2018 09:55:41:000,2.72454780264,0.306037137952,-0.0396177959132,2.62957824805,0.53414112871,-0.562280105769,2.50221951073,0.430666783942,-1.48912808767,2.60317411489,0.525848062973,-0.858329081048,2.68874044596,0.46902321248,-0.669758716638,2.57049344927,0.433956768613,-1.08357511579,2.65522203796,0.463784319829,-0.236271182016,2.72800177879,0.328686167973,-0.250506709359,2.80078047605,0.193588367066,-0.548844516363,2.73885979165,0.215317448701,-1.5322900897,2.80077943251,0.193582767087,-0.832946506107,2.78586799156,0.28872919669,-0.688756570964,2.73911205802,0.215510183392,-1.11449272735,2.80078151962,0.193588000859,-0.264742221443,2.73265299878,0.353781186279,-0.464882168951
08-May-2018 09:55:41:000,2.75315408904,0.282161571642,-0.0402921716195,2.64503945769,0.532550792436,-0.556247813928,2.46471510508,0.379855183778,-1.47650221748,2.61159287314,0.517385874658,-0.851251475253,2.70933694506,0.455868472461,-0.665612002742,2.58173303877,0.415177574058,-1.07851924887,2.675957971,0.44352325708,-0.231161516972,2.75333192162,0.31154810794,-0.250030178866,2.83070482867,0.179573309748,-0.553001120422,2.76853772575,0.225452384374,-1.53424674169,2.83070378513,0.179567709769,-0.837103110166,2.80448540519,0.293575548034,-0.688815233099,2.7685709986,0.225476462866,-1.11644937852,2.83070587224,0.179572943541,-0.268898825502,2.75512154837,0.343135059094,-0.463621906023
08-May-2018 09:55:41:000,2.77412780298,0.25486039441,-0.0455055665311,2.66013455518,0.502145971174,-0.552133916738,2.49004153083,0.320573416455,-1.46666905856,2.62148333315,0.50016322422,-0.846925217637,2.72969535968,0.453689988892,-0.663385637093,2.60733765996,0.385705439105,-1.07287212613,2.69441337951,0.420428781413,-0.230776361374,2.77688520311,0.292155067014,-0.253406974367,2.85935598314,0.163881718822,-0.560139897538,2.69126570482,0.247067991041,-1.52577428988,2.85935493959,0.163876118843,-0.844241887282,2.8361123643,0.288173045798,-0.692586833647,2.73486828038,0.253801595416,-1.11031290219,2.8593570267,0.163881352615,-0.276037602618,2.77989453255,0.33154329218,-0.465696612498
08-May-2018 09:55:41:000,2.77412780298,0.25486039441,-0.0455055665311,2.66013455518,0.502145971174,-0.552133916738,2.49004153083,0.320573416455,-1.46666905856,2.62148333315,0.50016322422,-0.846925217637,2.72969535968,0.453689988892,-0.663385637093,2.60733765996,0.385705439105,-1.07287212613,2.69441337951,0.420428781413,-0.230776361374,2.77688520311,0.292155067014,-0.253406974367,2.85935598314,0.163881718822,-0.560139897538,2.72414703527,0.244592220708,-1.53293359035,2.85935493959,0.163876118843,-0.844241887282,2.8361123643,0.288173045798,-0.692586833647,2.74587511798,0.247947601423,-1.11571504223,2.8593570267,0.163881352615,-0.276037602618,2.77989453255,0.33154329218,-0.465696612498
08-May-2018 09:55:41:000,2.77412780298,0.25486039441,-0.0455055665311,2.66013455518,0.502145971174,-0.552133916738,2.49004153083,0.320573416455,-1.46666905856,2.62148333315,0.50016322422,-0.846925217637,2.72969535968,0.453689988892,-0.663385637093,2.60733765996,0.385705439105,-1.07287212613,2.69441337951,0.420428781413,-0.230776361374,2.77688520311,0.292155067014,-0.253406974367,2.85935598314,0.163881718822,-0.560139897538,2.72414703527,0.244592220708,-1.53293359035,2.85935493959,0.163876118843,-0.844241887282,2.8361123643,0.288173045798,-0.692586833647,2.74587511798,0.247947601423,-1.11571504223,2.8593570267,0.163881352615,-0.276037602618,2.77989453255,0.33154329218,-0.465696612498
08-May-2018 09:55:41:000,2.77412780298,0.25486039441,-0.0455055665311,2.66013455518,0.502145971174,-0.552133916738,2.49004153083,0.320573416455,-1.46666905856,2.62148333315,0.50016322422,-0.846925217637,2.72969535968,0.453689988892,-0.663385637093,2.60733765996,0.385705439105,-1.07287212613,2.69441337951,0.420428781413,-0.230776361374,2.77688520311,0.292155067014,-0.253406974367,2.85935598314,0.163881718822,-0.560139897538,2.72414703527,0.244592220708,-1.53293359035,2.85935493959,0.163876118843,-0.844241887282,2.8361123643,0.288173045798,-0.692586833647,2.74587511798,0.247947601423,-1.11571504223,2.8593570267,0.163881352615,-0.276037602618,2.77989453255,0.33154329218,-0.465696612498
